"customer_key","customer_id","store_id","first_name","last_name","create_date"
"1","1","1","MARY","SMITH","2006-02-14 22:04:36"
"2","2","1","PATRICIA","JOHNSON","2006-02-14 22:04:36"
"3","3","1","LINDA","WILLIAMS","2006-02-14 22:04:36"
"4","4","2","BARBARA","JONES","2006-02-14 22:04:36"
"5","5","1","ELIZABETH","BROWN","2006-02-14 22:04:36"
"6","6","2","JENNIFER","DAVIS","2006-02-14 22:04:36"
"7","7","1","MARIA","MILLER","2006-02-14 22:04:36"
"8","8","2","SUSAN","WILSON","2006-02-14 22:04:36"
"9","9","2","MARGARET","MOORE","2006-02-14 22:04:36"
"10","10","1","DOROTHY","TAYLOR","2006-02-14 22:04:36"
"11","11","2","LISA","ANDERSON","2006-02-14 22:04:36"
"12","12","1","NANCY","THOMAS","2006-02-14 22:04:36"
"13","13","2","KAREN","JACKSON","2006-02-14 22:04:36"
"14","14","2","BETTY","WHITE","2006-02-14 22:04:36"
"15","15","1","HELEN","HARRIS","2006-02-14 22:04:36"
"16","16","2","SANDRA","MARTIN","2006-02-14 22:04:36"
"17","17","1","DONNA","THOMPSON","2006-02-14 22:04:36"
"18","18","2","CAROL","GARCIA","2006-02-14 22:04:36"
"19","19","1","RUTH","MARTINEZ","2006-02-14 22:04:36"
"20","20","2","SHARON","ROBINSON","2006-02-14 22:04:36"
"21","21","1","MICHELLE","CLARK","2006-02-14 22:04:36"
"22","22","1","LAURA","RODRIGUEZ","2006-02-14 22:04:36"
"23","23","2","SARAH","LEWIS","2006-02-14 22:04:36"
"24","24","2","KIMBERLY","LEE","2006-02-14 22:04:36"
"25","25","1","DEBORAH","WALKER","2006-02-14 22:04:36"
"26","26","2","JESSICA","HALL","2006-02-14 22:04:36"
"27","27","2","SHIRLEY","ALLEN","2006-02-14 22:04:36"
"28","28","1","CYNTHIA","YOUNG","2006-02-14 22:04:36"
"29","29","2","ANGELA","HERNANDEZ","2006-02-14 22:04:36"
"30","30","1","MELISSA","KING","2006-02-14 22:04:36"
"31","31","2","BRENDA","WRIGHT","2006-02-14 22:04:36"
"32","32","1","AMY","LOPEZ","2006-02-14 22:04:36"
"33","33","2","ANNA","HILL","2006-02-14 22:04:36"
"34","34","2","REBECCA","SCOTT","2006-02-14 22:04:36"
"35","35","2","VIRGINIA","GREEN","2006-02-14 22:04:36"
"36","36","2","KATHLEEN","ADAMS","2006-02-14 22:04:36"
"37","37","1","PAMELA","BAKER","2006-02-14 22:04:36"
"38","38","1","MARTHA","GONZALEZ","2006-02-14 22:04:36"
"39","39","1","DEBRA","NELSON","2006-02-14 22:04:36"
"40","40","2","AMANDA","CARTER","2006-02-14 22:04:36"
"41","41","1","STEPHANIE","MITCHELL","2006-02-14 22:04:36"
"42","42","2","CAROLYN","PEREZ","2006-02-14 22:04:36"
"43","43","2","CHRISTINE","ROBERTS","2006-02-14 22:04:36"
"44","44","1","MARIE","TURNER","2006-02-14 22:04:36"
"45","45","1","JANET","PHILLIPS","2006-02-14 22:04:36"
"46","46","2","CATHERINE","CAMPBELL","2006-02-14 22:04:36"
"47","47","1","FRANCES","PARKER","2006-02-14 22:04:36"
"48","48","1","ANN","EVANS","2006-02-14 22:04:36"
"49","49","2","JOYCE","EDWARDS","2006-02-14 22:04:36"
"50","50","1","DIANE","COLLINS","2006-02-14 22:04:36"
"51","51","1","ALICE","STEWART","2006-02-14 22:04:36"
"52","52","1","JULIE","SANCHEZ","2006-02-14 22:04:36"
"53","53","1","HEATHER","MORRIS","2006-02-14 22:04:36"
"54","54","1","TERESA","ROGERS","2006-02-14 22:04:36"
"55","55","2","DORIS","REED","2006-02-14 22:04:36"
"56","56","1","GLORIA","COOK","2006-02-14 22:04:36"
"57","57","2","EVELYN","MORGAN","2006-02-14 22:04:36"
"58","58","1","JEAN","BELL","2006-02-14 22:04:36"
"59","59","1","CHERYL","MURPHY","2006-02-14 22:04:36"
"60","60","1","MILDRED","BAILEY","2006-02-14 22:04:36"
"61","61","2","KATHERINE","RIVERA","2006-02-14 22:04:36"
"62","62","1","JOAN","COOPER","2006-02-14 22:04:36"
"63","63","1","ASHLEY","RICHARDSON","2006-02-14 22:04:36"
"64","64","2","JUDITH","COX","2006-02-14 22:04:36"
"65","65","2","ROSE","HOWARD","2006-02-14 22:04:36"
"66","66","2","JANICE","WARD","2006-02-14 22:04:36"
"67","67","1","KELLY","TORRES","2006-02-14 22:04:36"
"68","68","1","NICOLE","PETERSON","2006-02-14 22:04:36"
"69","69","2","JUDY","GRAY","2006-02-14 22:04:36"
"70","70","2","CHRISTINA","RAMIREZ","2006-02-14 22:04:36"
"71","71","1","KATHY","JAMES","2006-02-14 22:04:36"
"72","72","2","THERESA","WATSON","2006-02-14 22:04:36"
"73","73","2","BEVERLY","BROOKS","2006-02-14 22:04:36"
"74","74","1","DENISE","KELLY","2006-02-14 22:04:36"
"75","75","2","TAMMY","SANDERS","2006-02-14 22:04:36"
"76","76","2","IRENE","PRICE","2006-02-14 22:04:36"
"77","77","2","JANE","BENNETT","2006-02-14 22:04:36"
"78","78","1","LORI","WOOD","2006-02-14 22:04:36"
"79","79","1","RACHEL","BARNES","2006-02-14 22:04:36"
"80","80","1","MARILYN","ROSS","2006-02-14 22:04:36"
"81","81","1","ANDREA","HENDERSON","2006-02-14 22:04:36"
"82","82","1","KATHRYN","COLEMAN","2006-02-14 22:04:36"
"83","83","1","LOUISE","JENKINS","2006-02-14 22:04:36"
"84","84","2","SARA","PERRY","2006-02-14 22:04:36"
"85","85","2","ANNE","POWELL","2006-02-14 22:04:36"
"86","86","2","JACQUELINE","LONG","2006-02-14 22:04:36"
"87","87","1","WANDA","PATTERSON","2006-02-14 22:04:36"
"88","88","2","BONNIE","HUGHES","2006-02-14 22:04:36"
"89","89","1","JULIA","FLORES","2006-02-14 22:04:36"
"90","90","2","RUBY","WASHINGTON","2006-02-14 22:04:36"
"91","91","2","LOIS","BUTLER","2006-02-14 22:04:36"
"92","92","2","TINA","SIMMONS","2006-02-14 22:04:36"
"93","93","1","PHYLLIS","FOSTER","2006-02-14 22:04:36"
"94","94","1","NORMA","GONZALES","2006-02-14 22:04:36"
"95","95","2","PAULA","BRYANT","2006-02-14 22:04:36"
"96","96","1","DIANA","ALEXANDER","2006-02-14 22:04:36"
"97","97","2","ANNIE","RUSSELL","2006-02-14 22:04:36"
"98","98","1","LILLIAN","GRIFFIN","2006-02-14 22:04:36"
"99","99","2","EMILY","DIAZ","2006-02-14 22:04:36"
"100","100","1","ROBIN","HAYES","2006-02-14 22:04:36"
"101","101","1","PEGGY","MYERS","2006-02-14 22:04:36"
"102","102","1","CRYSTAL","FORD","2006-02-14 22:04:36"
"103","103","1","GLADYS","HAMILTON","2006-02-14 22:04:36"
"104","104","1","RITA","GRAHAM","2006-02-14 22:04:36"
"105","105","1","DAWN","SULLIVAN","2006-02-14 22:04:36"
"106","106","1","CONNIE","WALLACE","2006-02-14 22:04:36"
"107","107","1","FLORENCE","WOODS","2006-02-14 22:04:36"
"108","108","1","TRACY","COLE","2006-02-14 22:04:36"
"109","109","2","EDNA","WEST","2006-02-14 22:04:36"
"110","110","2","TIFFANY","JORDAN","2006-02-14 22:04:36"
"111","111","1","CARMEN","OWENS","2006-02-14 22:04:36"
"112","112","2","ROSA","REYNOLDS","2006-02-14 22:04:36"
"113","113","2","CINDY","FISHER","2006-02-14 22:04:36"
"114","114","2","GRACE","ELLIS","2006-02-14 22:04:36"
"115","115","1","WENDY","HARRISON","2006-02-14 22:04:36"
"116","116","1","VICTORIA","GIBSON","2006-02-14 22:04:36"
"117","117","1","EDITH","MCDONALD","2006-02-14 22:04:36"
"118","118","1","KIM","CRUZ","2006-02-14 22:04:36"
"119","119","1","SHERRY","MARSHALL","2006-02-14 22:04:36"
"120","120","2","SYLVIA","ORTIZ","2006-02-14 22:04:36"
"121","121","1","JOSEPHINE","GOMEZ","2006-02-14 22:04:36"
"122","122","1","THELMA","MURRAY","2006-02-14 22:04:36"
"123","123","2","SHANNON","FREEMAN","2006-02-14 22:04:36"
"124","124","1","SHEILA","WELLS","2006-02-14 22:04:36"
"125","125","1","ETHEL","WEBB","2006-02-14 22:04:36"
"126","126","1","ELLEN","SIMPSON","2006-02-14 22:04:36"
"127","127","2","ELAINE","STEVENS","2006-02-14 22:04:36"
"128","128","1","MARJORIE","TUCKER","2006-02-14 22:04:36"
"129","129","1","CARRIE","PORTER","2006-02-14 22:04:36"
"130","130","1","CHARLOTTE","HUNTER","2006-02-14 22:04:36"
"131","131","2","MONICA","HICKS","2006-02-14 22:04:36"
"132","132","2","ESTHER","CRAWFORD","2006-02-14 22:04:36"
"133","133","1","PAULINE","HENRY","2006-02-14 22:04:36"
"134","134","1","EMMA","BOYD","2006-02-14 22:04:36"
"135","135","2","JUANITA","MASON","2006-02-14 22:04:36"
"136","136","2","ANITA","MORALES","2006-02-14 22:04:36"
"137","137","2","RHONDA","KENNEDY","2006-02-14 22:04:36"
"138","138","1","HAZEL","WARREN","2006-02-14 22:04:36"
"139","139","1","AMBER","DIXON","2006-02-14 22:04:36"
"140","140","1","EVA","RAMOS","2006-02-14 22:04:36"
"141","141","1","DEBBIE","REYES","2006-02-14 22:04:36"
"142","142","1","APRIL","BURNS","2006-02-14 22:04:36"
"143","143","1","LESLIE","GORDON","2006-02-14 22:04:36"
"144","144","1","CLARA","SHAW","2006-02-14 22:04:36"
"145","145","1","LUCILLE","HOLMES","2006-02-14 22:04:36"
"146","146","1","JAMIE","RICE","2006-02-14 22:04:36"
"147","147","2","JOANNE","ROBERTSON","2006-02-14 22:04:36"
"148","148","1","ELEANOR","HUNT","2006-02-14 22:04:36"
"149","149","1","VALERIE","BLACK","2006-02-14 22:04:36"
"150","150","2","DANIELLE","DANIELS","2006-02-14 22:04:36"
"151","151","2","MEGAN","PALMER","2006-02-14 22:04:36"
"152","152","1","ALICIA","MILLS","2006-02-14 22:04:36"
"153","153","2","SUZANNE","NICHOLS","2006-02-14 22:04:36"
"154","154","2","MICHELE","GRANT","2006-02-14 22:04:36"
"155","155","1","GAIL","KNIGHT","2006-02-14 22:04:36"
"156","156","1","BERTHA","FERGUSON","2006-02-14 22:04:36"
"157","157","2","DARLENE","ROSE","2006-02-14 22:04:36"
"158","158","1","VERONICA","STONE","2006-02-14 22:04:36"
"159","159","1","JILL","HAWKINS","2006-02-14 22:04:36"
"160","160","2","ERIN","DUNN","2006-02-14 22:04:36"
"161","161","1","GERALDINE","PERKINS","2006-02-14 22:04:36"
"162","162","2","LAUREN","HUDSON","2006-02-14 22:04:36"
"163","163","1","CATHY","SPENCER","2006-02-14 22:04:36"
"164","164","2","JOANN","GARDNER","2006-02-14 22:04:36"
"165","165","2","LORRAINE","STEPHENS","2006-02-14 22:04:36"
"166","166","1","LYNN","PAYNE","2006-02-14 22:04:36"
"167","167","2","SALLY","PIERCE","2006-02-14 22:04:36"
"168","168","1","REGINA","BERRY","2006-02-14 22:04:36"
"169","169","2","ERICA","MATTHEWS","2006-02-14 22:04:36"
"170","170","1","BEATRICE","ARNOLD","2006-02-14 22:04:36"
"171","171","2","DOLORES","WAGNER","2006-02-14 22:04:36"
"172","172","1","BERNICE","WILLIS","2006-02-14 22:04:36"
"173","173","1","AUDREY","RAY","2006-02-14 22:04:36"
"174","174","2","YVONNE","WATKINS","2006-02-14 22:04:36"
"175","175","1","ANNETTE","OLSON","2006-02-14 22:04:36"
"176","176","1","JUNE","CARROLL","2006-02-14 22:04:36"
"177","177","2","SAMANTHA","DUNCAN","2006-02-14 22:04:36"
"178","178","2","MARION","SNYDER","2006-02-14 22:04:36"
"179","179","1","DANA","HART","2006-02-14 22:04:36"
"180","180","2","STACY","CUNNINGHAM","2006-02-14 22:04:36"
"181","181","2","ANA","BRADLEY","2006-02-14 22:04:36"
"182","182","1","RENEE","LANE","2006-02-14 22:04:36"
"183","183","2","IDA","ANDREWS","2006-02-14 22:04:36"
"184","184","1","VIVIAN","RUIZ","2006-02-14 22:04:36"
"185","185","1","ROBERTA","HARPER","2006-02-14 22:04:36"
"186","186","2","HOLLY","FOX","2006-02-14 22:04:36"
"187","187","2","BRITTANY","RILEY","2006-02-14 22:04:36"
"188","188","1","MELANIE","ARMSTRONG","2006-02-14 22:04:36"
"189","189","1","LORETTA","CARPENTER","2006-02-14 22:04:36"
"190","190","2","YOLANDA","WEAVER","2006-02-14 22:04:36"
"191","191","1","JEANETTE","GREENE","2006-02-14 22:04:36"
"192","192","1","LAURIE","LAWRENCE","2006-02-14 22:04:36"
"193","193","2","KATIE","ELLIOTT","2006-02-14 22:04:36"
"194","194","2","KRISTEN","CHAVEZ","2006-02-14 22:04:36"
"195","195","1","VANESSA","SIMS","2006-02-14 22:04:36"
"196","196","1","ALMA","AUSTIN","2006-02-14 22:04:36"
"197","197","2","SUE","PETERS","2006-02-14 22:04:36"
"198","198","2","ELSIE","KELLEY","2006-02-14 22:04:36"
"199","199","2","BETH","FRANKLIN","2006-02-14 22:04:36"
"200","200","2","JEANNE","LAWSON","2006-02-14 22:04:36"
"201","201","1","VICKI","FIELDS","2006-02-14 22:04:36"
"202","202","2","CARLA","GUTIERREZ","2006-02-14 22:04:36"
"203","203","1","TARA","RYAN","2006-02-14 22:04:36"
"204","204","1","ROSEMARY","SCHMIDT","2006-02-14 22:04:36"
"205","205","2","EILEEN","CARR","2006-02-14 22:04:36"
"206","206","1","TERRI","VASQUEZ","2006-02-14 22:04:36"
"207","207","1","GERTRUDE","CASTILLO","2006-02-14 22:04:36"
"208","208","1","LUCY","WHEELER","2006-02-14 22:04:36"
"209","209","2","TONYA","CHAPMAN","2006-02-14 22:04:36"
"210","210","2","ELLA","OLIVER","2006-02-14 22:04:36"
"211","211","1","STACEY","MONTGOMERY","2006-02-14 22:04:36"
"212","212","2","WILMA","RICHARDS","2006-02-14 22:04:36"
"213","213","1","GINA","WILLIAMSON","2006-02-14 22:04:36"
"214","214","1","KRISTIN","JOHNSTON","2006-02-14 22:04:36"
"215","215","2","JESSIE","BANKS","2006-02-14 22:04:36"
"216","216","1","NATALIE","MEYER","2006-02-14 22:04:36"
"217","217","2","AGNES","BISHOP","2006-02-14 22:04:36"
"218","218","1","VERA","MCCOY","2006-02-14 22:04:36"
"219","219","2","WILLIE","HOWELL","2006-02-14 22:04:36"
"220","220","2","CHARLENE","ALVAREZ","2006-02-14 22:04:36"
"221","221","1","BESSIE","MORRISON","2006-02-14 22:04:36"
"222","222","2","DELORES","HANSEN","2006-02-14 22:04:36"
"223","223","1","MELINDA","FERNANDEZ","2006-02-14 22:04:36"
"224","224","2","PEARL","GARZA","2006-02-14 22:04:36"
"225","225","1","ARLENE","HARVEY","2006-02-14 22:04:36"
"226","226","2","MAUREEN","LITTLE","2006-02-14 22:04:36"
"227","227","1","COLLEEN","BURTON","2006-02-14 22:04:36"
"228","228","2","ALLISON","STANLEY","2006-02-14 22:04:36"
"229","229","1","TAMARA","NGUYEN","2006-02-14 22:04:36"
"230","230","2","JOY","GEORGE","2006-02-14 22:04:36"
"231","231","1","GEORGIA","JACOBS","2006-02-14 22:04:36"
"232","232","2","CONSTANCE","REID","2006-02-14 22:04:36"
"233","233","2","LILLIE","KIM","2006-02-14 22:04:36"
"234","234","1","CLAUDIA","FULLER","2006-02-14 22:04:36"
"235","235","1","JACKIE","LYNCH","2006-02-14 22:04:36"
"236","236","1","MARCIA","DEAN","2006-02-14 22:04:36"
"237","237","1","TANYA","GILBERT","2006-02-14 22:04:36"
"238","238","1","NELLIE","GARRETT","2006-02-14 22:04:36"
"239","239","2","MINNIE","ROMERO","2006-02-14 22:04:36"
"240","240","1","MARLENE","WELCH","2006-02-14 22:04:36"
"241","241","2","HEIDI","LARSON","2006-02-14 22:04:36"
"242","242","1","GLENDA","FRAZIER","2006-02-14 22:04:36"
"243","243","1","LYDIA","BURKE","2006-02-14 22:04:36"
"244","244","2","VIOLA","HANSON","2006-02-14 22:04:36"
"245","245","1","COURTNEY","DAY","2006-02-14 22:04:36"
"246","246","1","MARIAN","MENDOZA","2006-02-14 22:04:36"
"247","247","1","STELLA","MORENO","2006-02-14 22:04:36"
"248","248","1","CAROLINE","BOWMAN","2006-02-14 22:04:36"
"249","249","2","DORA","MEDINA","2006-02-14 22:04:36"
"250","250","2","JO","FOWLER","2006-02-14 22:04:36"
"251","251","2","VICKIE","BREWER","2006-02-14 22:04:36"
"252","252","2","MATTIE","HOFFMAN","2006-02-14 22:04:36"
"253","253","1","TERRY","CARLSON","2006-02-14 22:04:36"
"254","254","2","MAXINE","SILVA","2006-02-14 22:04:36"
"255","255","2","IRMA","PEARSON","2006-02-14 22:04:36"
"256","256","2","MABEL","HOLLAND","2006-02-14 22:04:36"
"257","257","2","MARSHA","DOUGLAS","2006-02-14 22:04:36"
"258","258","1","MYRTLE","FLEMING","2006-02-14 22:04:36"
"259","259","2","LENA","JENSEN","2006-02-14 22:04:36"
"260","260","1","CHRISTY","VARGAS","2006-02-14 22:04:36"
"261","261","1","DEANNA","BYRD","2006-02-14 22:04:36"
"262","262","2","PATSY","DAVIDSON","2006-02-14 22:04:36"
"263","263","1","HILDA","HOPKINS","2006-02-14 22:04:36"
"264","264","1","GWENDOLYN","MAY","2006-02-14 22:04:36"
"265","265","2","JENNIE","TERRY","2006-02-14 22:04:36"
"266","266","2","NORA","HERRERA","2006-02-14 22:04:36"
"267","267","1","MARGIE","WADE","2006-02-14 22:04:36"
"268","268","1","NINA","SOTO","2006-02-14 22:04:36"
"269","269","1","CASSANDRA","WALTERS","2006-02-14 22:04:36"
"270","270","1","LEAH","CURTIS","2006-02-14 22:04:36"
"271","271","1","PENNY","NEAL","2006-02-14 22:04:36"
"272","272","1","KAY","CALDWELL","2006-02-14 22:04:37"
"273","273","2","PRISCILLA","LOWE","2006-02-14 22:04:37"
"274","274","1","NAOMI","JENNINGS","2006-02-14 22:04:37"
"275","275","2","CAROLE","BARNETT","2006-02-14 22:04:37"
"276","276","1","BRANDY","GRAVES","2006-02-14 22:04:37"
"277","277","2","OLGA","JIMENEZ","2006-02-14 22:04:37"
"278","278","2","BILLIE","HORTON","2006-02-14 22:04:37"
"279","279","2","DIANNE","SHELTON","2006-02-14 22:04:37"
"280","280","2","TRACEY","BARRETT","2006-02-14 22:04:37"
"281","281","2","LEONA","OBRIEN","2006-02-14 22:04:37"
"282","282","2","JENNY","CASTRO","2006-02-14 22:04:37"
"283","283","1","FELICIA","SUTTON","2006-02-14 22:04:37"
"284","284","1","SONIA","GREGORY","2006-02-14 22:04:37"
"285","285","1","MIRIAM","MCKINNEY","2006-02-14 22:04:37"
"286","286","1","VELMA","LUCAS","2006-02-14 22:04:37"
"287","287","2","BECKY","MILES","2006-02-14 22:04:37"
"288","288","1","BOBBIE","CRAIG","2006-02-14 22:04:37"
"289","289","1","VIOLET","RODRIQUEZ","2006-02-14 22:04:37"
"290","290","1","KRISTINA","CHAMBERS","2006-02-14 22:04:37"
"291","291","1","TONI","HOLT","2006-02-14 22:04:37"
"292","292","2","MISTY","LAMBERT","2006-02-14 22:04:37"
"293","293","2","MAE","FLETCHER","2006-02-14 22:04:37"
"294","294","2","SHELLY","WATTS","2006-02-14 22:04:37"
"295","295","1","DAISY","BATES","2006-02-14 22:04:37"
"296","296","2","RAMONA","HALE","2006-02-14 22:04:37"
"297","297","1","SHERRI","RHODES","2006-02-14 22:04:37"
"298","298","1","ERIKA","PENA","2006-02-14 22:04:37"
"299","299","2","JAMES","GANNON","2006-02-14 22:04:37"
"300","300","1","JOHN","FARNSWORTH","2006-02-14 22:04:37"
"301","301","2","ROBERT","BAUGHMAN","2006-02-14 22:04:37"
"302","302","1","MICHAEL","SILVERMAN","2006-02-14 22:04:37"
"303","303","2","WILLIAM","SATTERFIELD","2006-02-14 22:04:37"
"304","304","2","DAVID","ROYAL","2006-02-14 22:04:37"
"305","305","1","RICHARD","MCCRARY","2006-02-14 22:04:37"
"306","306","1","CHARLES","KOWALSKI","2006-02-14 22:04:37"
"307","307","2","JOSEPH","JOY","2006-02-14 22:04:37"
"308","308","1","THOMAS","GRIGSBY","2006-02-14 22:04:37"
"309","309","1","CHRISTOPHER","GRECO","2006-02-14 22:04:37"
"310","310","2","DANIEL","CABRAL","2006-02-14 22:04:37"
"311","311","2","PAUL","TROUT","2006-02-14 22:04:37"
"312","312","2","MARK","RINEHART","2006-02-14 22:04:37"
"313","313","2","DONALD","MAHON","2006-02-14 22:04:37"
"314","314","1","GEORGE","LINTON","2006-02-14 22:04:37"
"315","315","2","KENNETH","GOODEN","2006-02-14 22:04:37"
"316","316","1","STEVEN","CURLEY","2006-02-14 22:04:37"
"317","317","2","EDWARD","BAUGH","2006-02-14 22:04:37"
"318","318","1","BRIAN","WYMAN","2006-02-14 22:04:37"
"319","319","2","RONALD","WEINER","2006-02-14 22:04:37"
"320","320","2","ANTHONY","SCHWAB","2006-02-14 22:04:37"
"321","321","1","KEVIN","SCHULER","2006-02-14 22:04:37"
"322","322","1","JASON","MORRISSEY","2006-02-14 22:04:37"
"323","323","2","MATTHEW","MAHAN","2006-02-14 22:04:37"
"324","324","2","GARY","COY","2006-02-14 22:04:37"
"325","325","1","TIMOTHY","BUNN","2006-02-14 22:04:37"
"326","326","1","JOSE","ANDREW","2006-02-14 22:04:37"
"327","327","2","LARRY","THRASHER","2006-02-14 22:04:37"
"328","328","2","JEFFREY","SPEAR","2006-02-14 22:04:37"
"329","329","2","FRANK","WAGGONER","2006-02-14 22:04:37"
"330","330","1","SCOTT","SHELLEY","2006-02-14 22:04:37"
"331","331","1","ERIC","ROBERT","2006-02-14 22:04:37"
"332","332","1","STEPHEN","QUALLS","2006-02-14 22:04:37"
"333","333","2","ANDREW","PURDY","2006-02-14 22:04:37"
"334","334","2","RAYMOND","MCWHORTER","2006-02-14 22:04:37"
"335","335","1","GREGORY","MAULDIN","2006-02-14 22:04:37"
"336","336","1","JOSHUA","MARK","2006-02-14 22:04:37"
"337","337","1","JERRY","JORDON","2006-02-14 22:04:37"
"338","338","1","DENNIS","GILMAN","2006-02-14 22:04:37"
"339","339","2","WALTER","PERRYMAN","2006-02-14 22:04:37"
"340","340","1","PATRICK","NEWSOM","2006-02-14 22:04:37"
"341","341","1","PETER","MENARD","2006-02-14 22:04:37"
"342","342","1","HAROLD","MARTINO","2006-02-14 22:04:37"
"343","343","1","DOUGLAS","GRAF","2006-02-14 22:04:37"
"344","344","1","HENRY","BILLINGSLEY","2006-02-14 22:04:37"
"345","345","1","CARL","ARTIS","2006-02-14 22:04:37"
"346","346","1","ARTHUR","SIMPKINS","2006-02-14 22:04:37"
"347","347","2","RYAN","SALISBURY","2006-02-14 22:04:37"
"348","348","2","ROGER","QUINTANILLA","2006-02-14 22:04:37"
"349","349","2","JOE","GILLILAND","2006-02-14 22:04:37"
"350","350","1","JUAN","FRALEY","2006-02-14 22:04:37"
"351","351","1","JACK","FOUST","2006-02-14 22:04:37"
"352","352","1","ALBERT","CROUSE","2006-02-14 22:04:37"
"353","353","1","JONATHAN","SCARBOROUGH","2006-02-14 22:04:37"
"354","354","2","JUSTIN","NGO","2006-02-14 22:04:37"
"355","355","2","TERRY","GRISSOM","2006-02-14 22:04:37"
"356","356","2","GERALD","FULTZ","2006-02-14 22:04:37"
"357","357","1","KEITH","RICO","2006-02-14 22:04:37"
"358","358","2","SAMUEL","MARLOW","2006-02-14 22:04:37"
"359","359","2","WILLIE","MARKHAM","2006-02-14 22:04:37"
"360","360","2","RALPH","MADRIGAL","2006-02-14 22:04:37"
"361","361","2","LAWRENCE","LAWTON","2006-02-14 22:04:37"
"362","362","1","NICHOLAS","BARFIELD","2006-02-14 22:04:37"
"363","363","2","ROY","WHITING","2006-02-14 22:04:37"
"364","364","1","BENJAMIN","VARNEY","2006-02-14 22:04:37"
"365","365","2","BRUCE","SCHWARZ","2006-02-14 22:04:37"
"366","366","1","BRANDON","HUEY","2006-02-14 22:04:37"
"367","367","1","ADAM","GOOCH","2006-02-14 22:04:37"
"368","368","1","HARRY","ARCE","2006-02-14 22:04:37"
"369","369","2","FRED","WHEAT","2006-02-14 22:04:37"
"370","370","2","WAYNE","TRUONG","2006-02-14 22:04:37"
"371","371","1","BILLY","POULIN","2006-02-14 22:04:37"
"372","372","2","STEVE","MACKENZIE","2006-02-14 22:04:37"
"373","373","1","LOUIS","LEONE","2006-02-14 22:04:37"
"374","374","2","JEREMY","HURTADO","2006-02-14 22:04:37"
"375","375","2","AARON","SELBY","2006-02-14 22:04:37"
"376","376","1","RANDY","GAITHER","2006-02-14 22:04:37"
"377","377","1","HOWARD","FORTNER","2006-02-14 22:04:37"
"378","378","1","EUGENE","CULPEPPER","2006-02-14 22:04:37"
"379","379","1","CARLOS","COUGHLIN","2006-02-14 22:04:37"
"380","380","1","RUSSELL","BRINSON","2006-02-14 22:04:37"
"381","381","2","BOBBY","BOUDREAU","2006-02-14 22:04:37"
"382","382","2","VICTOR","BARKLEY","2006-02-14 22:04:37"
"383","383","1","MARTIN","BALES","2006-02-14 22:04:37"
"384","384","2","ERNEST","STEPP","2006-02-14 22:04:37"
"385","385","1","PHILLIP","HOLM","2006-02-14 22:04:37"
"386","386","1","TODD","TAN","2006-02-14 22:04:37"
"387","387","2","JESSE","SCHILLING","2006-02-14 22:04:37"
"388","388","2","CRAIG","MORRELL","2006-02-14 22:04:37"
"389","389","1","ALAN","KAHN","2006-02-14 22:04:37"
"390","390","1","SHAWN","HEATON","2006-02-14 22:04:37"
"391","391","1","CLARENCE","GAMEZ","2006-02-14 22:04:37"
"392","392","2","SEAN","DOUGLASS","2006-02-14 22:04:37"
"393","393","1","PHILIP","CAUSEY","2006-02-14 22:04:37"
"394","394","2","CHRIS","BROTHERS","2006-02-14 22:04:37"
"395","395","2","JOHNNY","TURPIN","2006-02-14 22:04:37"
"396","396","1","EARL","SHANKS","2006-02-14 22:04:37"
"397","397","1","JIMMY","SCHRADER","2006-02-14 22:04:37"
"398","398","1","ANTONIO","MEEK","2006-02-14 22:04:37"
"399","399","1","DANNY","ISOM","2006-02-14 22:04:37"
"400","400","2","BRYAN","HARDISON","2006-02-14 22:04:37"
"401","401","2","TONY","CARRANZA","2006-02-14 22:04:37"
"402","402","1","LUIS","YANEZ","2006-02-14 22:04:37"
"403","403","1","MIKE","WAY","2006-02-14 22:04:37"
"404","404","2","STANLEY","SCROGGINS","2006-02-14 22:04:37"
"405","405","1","LEONARD","SCHOFIELD","2006-02-14 22:04:37"
"406","406","1","NATHAN","RUNYON","2006-02-14 22:04:37"
"407","407","1","DALE","RATCLIFF","2006-02-14 22:04:37"
"408","408","1","MANUEL","MURRELL","2006-02-14 22:04:37"
"409","409","2","RODNEY","MOELLER","2006-02-14 22:04:37"
"410","410","2","CURTIS","IRBY","2006-02-14 22:04:37"
"411","411","1","NORMAN","CURRIER","2006-02-14 22:04:37"
"412","412","2","ALLEN","BUTTERFIELD","2006-02-14 22:04:37"
"413","413","2","MARVIN","YEE","2006-02-14 22:04:37"
"414","414","1","VINCENT","RALSTON","2006-02-14 22:04:37"
"415","415","1","GLENN","PULLEN","2006-02-14 22:04:37"
"416","416","2","JEFFERY","PINSON","2006-02-14 22:04:37"
"417","417","1","TRAVIS","ESTEP","2006-02-14 22:04:37"
"418","418","2","JEFF","EAST","2006-02-14 22:04:37"
"419","419","1","CHAD","CARBONE","2006-02-14 22:04:37"
"420","420","1","JACOB","LANCE","2006-02-14 22:04:37"
"421","421","1","LEE","HAWKS","2006-02-14 22:04:37"
"422","422","1","MELVIN","ELLINGTON","2006-02-14 22:04:37"
"423","423","2","ALFRED","CASILLAS","2006-02-14 22:04:37"
"424","424","2","KYLE","SPURLOCK","2006-02-14 22:04:37"
"425","425","2","FRANCIS","SIKES","2006-02-14 22:04:37"
"426","426","1","BRADLEY","MOTLEY","2006-02-14 22:04:37"
"427","427","2","JESUS","MCCARTNEY","2006-02-14 22:04:37"
"428","428","2","HERBERT","KRUGER","2006-02-14 22:04:37"
"429","429","2","FREDERICK","ISBELL","2006-02-14 22:04:37"
"430","430","1","RAY","HOULE","2006-02-14 22:04:37"
"431","431","2","JOEL","FRANCISCO","2006-02-14 22:04:37"
"432","432","1","EDWIN","BURK","2006-02-14 22:04:37"
"433","433","1","DON","BONE","2006-02-14 22:04:37"
"434","434","1","EDDIE","TOMLIN","2006-02-14 22:04:37"
"435","435","2","RICKY","SHELBY","2006-02-14 22:04:37"
"436","436","1","TROY","QUIGLEY","2006-02-14 22:04:37"
"437","437","2","RANDALL","NEUMANN","2006-02-14 22:04:37"
"438","438","1","BARRY","LOVELACE","2006-02-14 22:04:37"
"439","439","2","ALEXANDER","FENNELL","2006-02-14 22:04:37"
"440","440","1","BERNARD","COLBY","2006-02-14 22:04:37"
"441","441","1","MARIO","CHEATHAM","2006-02-14 22:04:37"
"442","442","1","LEROY","BUSTAMANTE","2006-02-14 22:04:37"
"443","443","2","FRANCISCO","SKIDMORE","2006-02-14 22:04:37"
"444","444","2","MARCUS","HIDALGO","2006-02-14 22:04:37"
"445","445","1","MICHEAL","FORMAN","2006-02-14 22:04:37"
"446","446","2","THEODORE","CULP","2006-02-14 22:04:37"
"447","447","1","CLIFFORD","BOWENS","2006-02-14 22:04:37"
"448","448","1","MIGUEL","BETANCOURT","2006-02-14 22:04:37"
"449","449","2","OSCAR","AQUINO","2006-02-14 22:04:37"
"450","450","1","JAY","ROBB","2006-02-14 22:04:37"
"451","451","1","JIM","REA","2006-02-14 22:04:37"
"452","452","1","TOM","MILNER","2006-02-14 22:04:37"
"453","453","1","CALVIN","MARTEL","2006-02-14 22:04:37"
"454","454","2","ALEX","GRESHAM","2006-02-14 22:04:37"
"455","455","2","JON","WILES","2006-02-14 22:04:37"
"456","456","2","RONNIE","RICKETTS","2006-02-14 22:04:37"
"457","457","2","BILL","GAVIN","2006-02-14 22:04:37"
"458","458","1","LLOYD","DOWD","2006-02-14 22:04:37"
"459","459","1","TOMMY","COLLAZO","2006-02-14 22:04:37"
"460","460","1","LEON","BOSTIC","2006-02-14 22:04:37"
"461","461","1","DEREK","BLAKELY","2006-02-14 22:04:37"
"462","462","2","WARREN","SHERROD","2006-02-14 22:04:37"
"463","463","2","DARRELL","POWER","2006-02-14 22:04:37"
"464","464","1","JEROME","KENYON","2006-02-14 22:04:37"
"465","465","1","FLOYD","GANDY","2006-02-14 22:04:37"
"466","466","1","LEO","EBERT","2006-02-14 22:04:37"
"467","467","2","ALVIN","DELOACH","2006-02-14 22:04:37"
"468","468","1","TIM","CARY","2006-02-14 22:04:37"
"469","469","2","WESLEY","BULL","2006-02-14 22:04:37"
"470","470","1","GORDON","ALLARD","2006-02-14 22:04:37"
"471","471","1","DEAN","SAUER","2006-02-14 22:04:37"
"472","472","1","GREG","ROBINS","2006-02-14 22:04:37"
"473","473","2","JORGE","OLIVARES","2006-02-14 22:04:37"
"474","474","2","DUSTIN","GILLETTE","2006-02-14 22:04:37"
"475","475","2","PEDRO","CHESTNUT","2006-02-14 22:04:37"
"476","476","1","DERRICK","BOURQUE","2006-02-14 22:04:37"
"477","477","1","DAN","PAINE","2006-02-14 22:04:37"
"478","478","1","LEWIS","LYMAN","2006-02-14 22:04:37"
"479","479","1","ZACHARY","HITE","2006-02-14 22:04:37"
"480","480","1","COREY","HAUSER","2006-02-14 22:04:37"
"481","481","1","HERMAN","DEVORE","2006-02-14 22:04:37"
"482","482","1","MAURICE","CRAWLEY","2006-02-14 22:04:37"
"483","483","2","VERNON","CHAPA","2006-02-14 22:04:37"
"484","484","1","ROBERTO","VU","2006-02-14 22:04:37"
"485","485","1","CLYDE","TOBIAS","2006-02-14 22:04:37"
"486","486","1","GLEN","TALBERT","2006-02-14 22:04:37"
"487","487","2","HECTOR","POINDEXTER","2006-02-14 22:04:37"
"488","488","2","SHANE","MILLARD","2006-02-14 22:04:37"
"489","489","1","RICARDO","MEADOR","2006-02-14 22:04:37"
"490","490","1","SAM","MCDUFFIE","2006-02-14 22:04:37"
"491","491","2","RICK","MATTOX","2006-02-14 22:04:37"
"492","492","2","LESTER","KRAUS","2006-02-14 22:04:37"
"493","493","1","BRENT","HARKINS","2006-02-14 22:04:37"
"494","494","2","RAMON","CHOATE","2006-02-14 22:04:37"
"495","495","2","CHARLIE","BESS","2006-02-14 22:04:37"
"496","496","2","TYLER","WREN","2006-02-14 22:04:37"
"497","497","2","GILBERT","SLEDGE","2006-02-14 22:04:37"
"498","498","1","GENE","SANBORN","2006-02-14 22:04:37"
"499","499","2","MARC","OUTLAW","2006-02-14 22:04:37"
"500","500","1","REGINALD","KINDER","2006-02-14 22:04:37"
"501","501","1","RUBEN","GEARY","2006-02-14 22:04:37"
"502","502","1","BRETT","CORNWELL","2006-02-14 22:04:37"
"503","503","1","ANGEL","BARCLAY","2006-02-14 22:04:37"
"504","504","1","NATHANIEL","ADAM","2006-02-14 22:04:37"
"505","505","1","RAFAEL","ABNEY","2006-02-14 22:04:37"
"506","506","2","LESLIE","SEWARD","2006-02-14 22:04:37"
"507","507","2","EDGAR","RHOADS","2006-02-14 22:04:37"
"508","508","2","MILTON","HOWLAND","2006-02-14 22:04:37"
"509","509","1","RAUL","FORTIER","2006-02-14 22:04:37"
"510","510","2","BEN","EASTER","2006-02-14 22:04:37"
"511","511","1","CHESTER","BENNER","2006-02-14 22:04:37"
"512","512","1","CECIL","VINES","2006-02-14 22:04:37"
"513","513","2","DUANE","TUBBS","2006-02-14 22:04:37"
"514","514","2","FRANKLIN","TROUTMAN","2006-02-14 22:04:37"
"515","515","1","ANDRE","RAPP","2006-02-14 22:04:37"
"516","516","2","ELMER","NOE","2006-02-14 22:04:37"
"517","517","2","BRAD","MCCURDY","2006-02-14 22:04:37"
"518","518","1","GABRIEL","HARDER","2006-02-14 22:04:37"
"519","519","2","RON","DELUCA","2006-02-14 22:04:37"
"520","520","2","MITCHELL","WESTMORELAND","2006-02-14 22:04:37"
"521","521","2","ROLAND","SOUTH","2006-02-14 22:04:37"
"522","522","2","ARNOLD","HAVENS","2006-02-14 22:04:37"
"523","523","1","HARVEY","GUAJARDO","2006-02-14 22:04:37"
"524","524","1","JARED","ELY","2006-02-14 22:04:37"
"525","525","2","ADRIAN","CLARY","2006-02-14 22:04:37"
"526","526","2","KARL","SEAL","2006-02-14 22:04:37"
"527","527","1","CORY","MEEHAN","2006-02-14 22:04:37"
"528","528","1","CLAUDE","HERZOG","2006-02-14 22:04:37"
"529","529","2","ERIK","GUILLEN","2006-02-14 22:04:37"
"530","530","2","DARRYL","ASHCRAFT","2006-02-14 22:04:37"
"531","531","2","JAMIE","WAUGH","2006-02-14 22:04:37"
"532","532","2","NEIL","RENNER","2006-02-14 22:04:37"
"533","533","1","JESSIE","MILAM","2006-02-14 22:04:37"
"534","534","1","CHRISTIAN","JUNG","2006-02-14 22:04:37"
"535","535","1","JAVIER","ELROD","2006-02-14 22:04:37"
"536","536","2","FERNANDO","CHURCHILL","2006-02-14 22:04:37"
"537","537","2","CLINTON","BUFORD","2006-02-14 22:04:37"
"538","538","2","TED","BREAUX","2006-02-14 22:04:37"
"539","539","1","MATHEW","BOLIN","2006-02-14 22:04:37"
"540","540","1","TYRONE","ASHER","2006-02-14 22:04:37"
"541","541","2","DARREN","WINDHAM","2006-02-14 22:04:37"
"542","542","2","LONNIE","TIRADO","2006-02-14 22:04:37"
"543","543","1","LANCE","PEMBERTON","2006-02-14 22:04:37"
"544","544","2","CODY","NOLEN","2006-02-14 22:04:37"
"545","545","2","JULIO","NOLAND","2006-02-14 22:04:37"
"546","546","1","KELLY","KNOTT","2006-02-14 22:04:37"
"547","547","1","KURT","EMMONS","2006-02-14 22:04:37"
"548","548","1","ALLAN","CORNISH","2006-02-14 22:04:37"
"549","549","1","NELSON","CHRISTENSON","2006-02-14 22:04:37"
"550","550","2","GUY","BROWNLEE","2006-02-14 22:04:37"
"551","551","2","CLAYTON","BARBEE","2006-02-14 22:04:37"
"552","552","2","HUGH","WALDROP","2006-02-14 22:04:37"
"553","553","1","MAX","PITT","2006-02-14 22:04:37"
"554","554","1","DWAYNE","OLVERA","2006-02-14 22:04:37"
"555","555","1","DWIGHT","LOMBARDI","2006-02-14 22:04:37"
"556","556","2","ARMANDO","GRUBER","2006-02-14 22:04:37"
"557","557","1","FELIX","GAFFNEY","2006-02-14 22:04:37"
"558","558","1","JIMMIE","EGGLESTON","2006-02-14 22:04:37"
"559","559","2","EVERETT","BANDA","2006-02-14 22:04:37"
"560","560","1","JORDAN","ARCHULETA","2006-02-14 22:04:37"
"561","561","2","IAN","STILL","2006-02-14 22:04:37"
"562","562","1","WALLACE","SLONE","2006-02-14 22:04:37"
"563","563","2","KEN","PREWITT","2006-02-14 22:04:37"
"564","564","2","BOB","PFEIFFER","2006-02-14 22:04:37"
"565","565","2","JAIME","NETTLES","2006-02-14 22:04:37"
"566","566","1","CASEY","MENA","2006-02-14 22:04:37"
"567","567","2","ALFREDO","MCADAMS","2006-02-14 22:04:37"
"568","568","2","ALBERTO","HENNING","2006-02-14 22:04:37"
"569","569","2","DAVE","GARDINER","2006-02-14 22:04:37"
"570","570","2","IVAN","CROMWELL","2006-02-14 22:04:37"
"571","571","2","JOHNNIE","CHISHOLM","2006-02-14 22:04:37"
"572","572","1","SIDNEY","BURLESON","2006-02-14 22:04:37"
"573","573","1","BYRON","BOX","2006-02-14 22:04:37"
"574","574","2","JULIAN","VEST","2006-02-14 22:04:37"
"575","575","2","ISAAC","OGLESBY","2006-02-14 22:04:37"
"576","576","2","MORRIS","MCCARTER","2006-02-14 22:04:37"
"577","577","2","CLIFTON","MALCOLM","2006-02-14 22:04:37"
"578","578","2","WILLARD","LUMPKIN","2006-02-14 22:04:37"
"579","579","2","DARYL","LARUE","2006-02-14 22:04:37"
"580","580","1","ROSS","GREY","2006-02-14 22:04:37"
"581","581","1","VIRGIL","WOFFORD","2006-02-14 22:04:37"
"582","582","2","ANDY","VANHORN","2006-02-14 22:04:37"
"583","583","1","MARSHALL","THORN","2006-02-14 22:04:37"
"584","584","2","SALVADOR","TEEL","2006-02-14 22:04:37"
"585","585","1","PERRY","SWAFFORD","2006-02-14 22:04:37"
"586","586","1","KIRK","STCLAIR","2006-02-14 22:04:37"
"587","587","1","SERGIO","STANFIELD","2006-02-14 22:04:37"
"588","588","1","MARION","OCAMPO","2006-02-14 22:04:37"
"589","589","1","TRACY","HERRMANN","2006-02-14 22:04:37"
"590","590","2","SETH","HANNON","2006-02-14 22:04:37"
"591","591","1","KENT","ARSENAULT","2006-02-14 22:04:37"
"592","592","1","TERRANCE","ROUSH","2006-02-14 22:04:37"
"593","593","2","RENE","MCALISTER","2006-02-14 22:04:37"
"594","594","1","EDUARDO","HIATT","2006-02-14 22:04:37"
"595","595","1","TERRENCE","GUNDERSON","2006-02-14 22:04:37"
"596","596","1","ENRIQUE","FORSYTHE","2006-02-14 22:04:37"
"597","597","1","FREDDIE","DUGGAN","2006-02-14 22:04:37"
"598","598","1","WADE","DELVALLE","2006-02-14 22:04:37"
"599","599","2","AUSTIN","CINTRON","2006-02-14 22:04:37"
