fact_table_key,customer_key,payment_key,store_key,first_name,last_name,email,amount,last_update,create_date_key,payment_date_key
1,1,1,1,MARY,SMITH,MARY.SMITH@sakilacustomer.org,2.99,"2006-02-15 04:57:12",20060214,20050525
2,1,2,1,MARY,SMITH,MARY.SMITH@sakilacustomer.org,0.99,"2006-02-15 04:57:12",20060214,20050528
3,1,3,1,MARY,SMITH,MARY.SMITH@sakilacustomer.org,5.99,"2006-02-15 04:57:12",20060214,20050615
4,1,4,1,MARY,SMITH,MARY.SMITH@sakilacustomer.org,0.99,"2006-02-15 04:57:12",20060214,20050615
5,1,5,1,MARY,SMITH,MARY.SMITH@sakilacustomer.org,9.99,"2006-02-15 04:57:12",20060214,20050615
6,1,6,1,MARY,SMITH,MARY.SMITH@sakilacustomer.org,4.99,"2006-02-15 04:57:12",20060214,20050616
7,1,7,1,MARY,SMITH,MARY.SMITH@sakilacustomer.org,4.99,"2006-02-15 04:57:12",20060214,20050618
8,1,8,1,MARY,SMITH,MARY.SMITH@sakilacustomer.org,0.99,"2006-02-15 04:57:12",20060214,20050618
9,1,9,1,MARY,SMITH,MARY.SMITH@sakilacustomer.org,3.99,"2006-02-15 04:57:12",20060214,20050621
10,1,10,1,MARY,SMITH,MARY.SMITH@sakilacustomer.org,5.99,"2006-02-15 04:57:12",20060214,20050708
11,1,11,1,MARY,SMITH,MARY.SMITH@sakilacustomer.org,5.99,"2006-02-15 04:57:12",20060214,20050708
12,1,12,1,MARY,SMITH,MARY.SMITH@sakilacustomer.org,4.99,"2006-02-15 04:57:12",20060214,20050709
13,1,13,1,MARY,SMITH,MARY.SMITH@sakilacustomer.org,4.99,"2006-02-15 04:57:12",20060214,20050709
14,1,14,1,MARY,SMITH,MARY.SMITH@sakilacustomer.org,7.99,"2006-02-15 04:57:12",20060214,20050711
15,1,15,1,MARY,SMITH,MARY.SMITH@sakilacustomer.org,2.99,"2006-02-15 04:57:12",20060214,20050727
16,1,16,1,MARY,SMITH,MARY.SMITH@sakilacustomer.org,4.99,"2006-02-15 04:57:12",20060214,20050728
17,1,17,1,MARY,SMITH,MARY.SMITH@sakilacustomer.org,4.99,"2006-02-15 04:57:12",20060214,20050728
18,1,18,1,MARY,SMITH,MARY.SMITH@sakilacustomer.org,0.99,"2006-02-15 04:57:12",20060214,20050728
19,1,19,1,MARY,SMITH,MARY.SMITH@sakilacustomer.org,0.99,"2006-02-15 04:57:12",20060214,20050728
20,1,20,1,MARY,SMITH,MARY.SMITH@sakilacustomer.org,2.99,"2006-02-15 04:57:12",20060214,20050729
21,1,21,1,MARY,SMITH,MARY.SMITH@sakilacustomer.org,2.99,"2006-02-15 04:57:12",20060214,20050731
22,1,22,1,MARY,SMITH,MARY.SMITH@sakilacustomer.org,4.99,"2006-02-15 04:57:12",20060214,20050801
23,1,23,1,MARY,SMITH,MARY.SMITH@sakilacustomer.org,3.99,"2006-02-15 04:57:12",20060214,20050802
24,1,24,1,MARY,SMITH,MARY.SMITH@sakilacustomer.org,0.99,"2006-02-15 04:57:12",20060214,20050802
25,1,25,1,MARY,SMITH,MARY.SMITH@sakilacustomer.org,4.99,"2006-02-15 04:57:12",20060214,20050817
26,1,26,1,MARY,SMITH,MARY.SMITH@sakilacustomer.org,0.99,"2006-02-15 04:57:12",20060214,20050818
27,1,27,1,MARY,SMITH,MARY.SMITH@sakilacustomer.org,0.99,"2006-02-15 04:57:12",20060214,20050819
28,1,28,1,MARY,SMITH,MARY.SMITH@sakilacustomer.org,2.99,"2006-02-15 04:57:12",20060214,20050819
29,1,29,1,MARY,SMITH,MARY.SMITH@sakilacustomer.org,0.99,"2006-02-15 04:57:12",20060214,20050821
30,1,30,1,MARY,SMITH,MARY.SMITH@sakilacustomer.org,1.99,"2006-02-15 04:57:12",20060214,20050822
31,1,31,1,MARY,SMITH,MARY.SMITH@sakilacustomer.org,2.99,"2006-02-15 04:57:12",20060214,20050822
32,1,32,1,MARY,SMITH,MARY.SMITH@sakilacustomer.org,5.99,"2006-02-15 04:57:12",20060214,20050822
33,2,33,1,PATRICIA,JOHNSON,PATRICIA.JOHNSON@sakilacustomer.org,4.99,"2006-02-15 04:57:12",20060214,20050527
34,2,34,1,PATRICIA,JOHNSON,PATRICIA.JOHNSON@sakilacustomer.org,2.99,"2006-02-15 04:57:12",20060214,20050617
35,2,35,1,PATRICIA,JOHNSON,PATRICIA.JOHNSON@sakilacustomer.org,2.99,"2006-02-15 04:57:12",20060214,20050710
36,2,36,1,PATRICIA,JOHNSON,PATRICIA.JOHNSON@sakilacustomer.org,6.99,"2006-02-15 04:57:12",20060214,20050710
37,2,37,1,PATRICIA,JOHNSON,PATRICIA.JOHNSON@sakilacustomer.org,4.99,"2006-02-15 04:57:12",20060214,20050727
38,2,38,1,PATRICIA,JOHNSON,PATRICIA.JOHNSON@sakilacustomer.org,5.99,"2006-02-15 04:57:12",20060214,20050727
39,2,39,1,PATRICIA,JOHNSON,PATRICIA.JOHNSON@sakilacustomer.org,5.99,"2006-02-15 04:57:12",20060214,20050727
40,2,40,1,PATRICIA,JOHNSON,PATRICIA.JOHNSON@sakilacustomer.org,5.99,"2006-02-15 04:57:12",20060214,20050729
41,2,41,1,PATRICIA,JOHNSON,PATRICIA.JOHNSON@sakilacustomer.org,2.99,"2006-02-15 04:57:12",20060214,20050729
42,2,42,1,PATRICIA,JOHNSON,PATRICIA.JOHNSON@sakilacustomer.org,5.99,"2006-02-15 04:57:12",20060214,20050729
43,2,43,1,PATRICIA,JOHNSON,PATRICIA.JOHNSON@sakilacustomer.org,4.99,"2006-02-15 04:57:12",20060214,20050730
44,2,44,1,PATRICIA,JOHNSON,PATRICIA.JOHNSON@sakilacustomer.org,10.99,"2006-02-15 04:57:12",20060214,20050730
45,2,45,1,PATRICIA,JOHNSON,PATRICIA.JOHNSON@sakilacustomer.org,0.99,"2006-02-15 04:57:12",20060214,20050730
46,2,46,1,PATRICIA,JOHNSON,PATRICIA.JOHNSON@sakilacustomer.org,6.99,"2006-02-15 04:57:12",20060214,20050730
47,2,47,1,PATRICIA,JOHNSON,PATRICIA.JOHNSON@sakilacustomer.org,6.99,"2006-02-15 04:57:12",20060214,20050730
48,2,48,1,PATRICIA,JOHNSON,PATRICIA.JOHNSON@sakilacustomer.org,2.99,"2006-02-15 04:57:12",20060214,20050731
49,2,49,1,PATRICIA,JOHNSON,PATRICIA.JOHNSON@sakilacustomer.org,0.99,"2006-02-15 04:57:12",20060214,20050801
50,2,50,1,PATRICIA,JOHNSON,PATRICIA.JOHNSON@sakilacustomer.org,0.99,"2006-02-15 04:57:12",20060214,20050802
51,2,51,1,PATRICIA,JOHNSON,PATRICIA.JOHNSON@sakilacustomer.org,5.99,"2006-02-15 04:57:12",20060214,20050802
52,2,52,1,PATRICIA,JOHNSON,PATRICIA.JOHNSON@sakilacustomer.org,6.99,"2006-02-15 04:57:12",20060214,20050802
53,2,53,1,PATRICIA,JOHNSON,PATRICIA.JOHNSON@sakilacustomer.org,2.99,"2006-02-15 04:57:12",20060214,20050802
54,2,54,1,PATRICIA,JOHNSON,PATRICIA.JOHNSON@sakilacustomer.org,2.99,"2006-02-15 04:57:12",20060214,20050817
55,2,55,1,PATRICIA,JOHNSON,PATRICIA.JOHNSON@sakilacustomer.org,2.99,"2006-02-15 04:57:12",20060214,20050819
56,2,56,1,PATRICIA,JOHNSON,PATRICIA.JOHNSON@sakilacustomer.org,4.99,"2006-02-15 04:57:12",20060214,20050821
57,2,57,1,PATRICIA,JOHNSON,PATRICIA.JOHNSON@sakilacustomer.org,5.99,"2006-02-15 04:57:12",20060214,20050821
58,2,58,1,PATRICIA,JOHNSON,PATRICIA.JOHNSON@sakilacustomer.org,4.99,"2006-02-15 04:57:12",20060214,20050822
59,2,59,1,PATRICIA,JOHNSON,PATRICIA.JOHNSON@sakilacustomer.org,4.99,"2006-02-15 04:57:12",20060214,20050823
60,3,60,1,LINDA,WILLIAMS,LINDA.WILLIAMS@sakilacustomer.org,1.99,"2006-02-15 04:57:12",20060214,20050527
61,3,61,1,LINDA,WILLIAMS,LINDA.WILLIAMS@sakilacustomer.org,2.99,"2006-02-15 04:57:12",20060214,20050529
62,3,62,1,LINDA,WILLIAMS,LINDA.WILLIAMS@sakilacustomer.org,8.99,"2006-02-15 04:57:12",20060214,20050616
63,3,63,1,LINDA,WILLIAMS,LINDA.WILLIAMS@sakilacustomer.org,6.99,"2006-02-15 04:57:12",20060214,20050616
64,3,64,1,LINDA,WILLIAMS,LINDA.WILLIAMS@sakilacustomer.org,6.99,"2006-02-15 04:57:12",20060214,20050617
65,3,65,1,LINDA,WILLIAMS,LINDA.WILLIAMS@sakilacustomer.org,2.99,"2006-02-15 04:57:12",20060214,20050619
66,3,66,1,LINDA,WILLIAMS,LINDA.WILLIAMS@sakilacustomer.org,4.99,"2006-02-15 04:57:12",20060214,20050707
67,3,67,1,LINDA,WILLIAMS,LINDA.WILLIAMS@sakilacustomer.org,4.99,"2006-02-15 04:57:12",20060214,20050708
68,3,68,1,LINDA,WILLIAMS,LINDA.WILLIAMS@sakilacustomer.org,5.99,"2006-02-15 04:57:12",20060214,20050727
69,3,69,1,LINDA,WILLIAMS,LINDA.WILLIAMS@sakilacustomer.org,10.99,"2006-02-15 04:57:12",20060214,20050727
70,3,70,1,LINDA,WILLIAMS,LINDA.WILLIAMS@sakilacustomer.org,7.99,"2006-02-15 04:57:12",20060214,20050728
71,3,71,1,LINDA,WILLIAMS,LINDA.WILLIAMS@sakilacustomer.org,6.99,"2006-02-15 04:57:12",20060214,20050728
72,3,72,1,LINDA,WILLIAMS,LINDA.WILLIAMS@sakilacustomer.org,4.99,"2006-02-15 04:57:12",20060214,20050728
73,3,73,1,LINDA,WILLIAMS,LINDA.WILLIAMS@sakilacustomer.org,4.99,"2006-02-15 04:57:12",20060214,20050728
74,3,74,1,LINDA,WILLIAMS,LINDA.WILLIAMS@sakilacustomer.org,2.99,"2006-02-15 04:57:12",20060214,20050729
75,3,75,1,LINDA,WILLIAMS,LINDA.WILLIAMS@sakilacustomer.org,1.99,"2006-02-15 04:57:12",20060214,20050730
76,3,76,1,LINDA,WILLIAMS,LINDA.WILLIAMS@sakilacustomer.org,3.99,"2006-02-15 04:57:12",20060214,20050730
77,3,77,1,LINDA,WILLIAMS,LINDA.WILLIAMS@sakilacustomer.org,2.99,"2006-02-15 04:57:12",20060214,20050731
78,3,78,1,LINDA,WILLIAMS,LINDA.WILLIAMS@sakilacustomer.org,4.99,"2006-02-15 04:57:12",20060214,20050731
79,3,79,1,LINDA,WILLIAMS,LINDA.WILLIAMS@sakilacustomer.org,5.99,"2006-02-15 04:57:12",20060214,20050801
80,3,80,1,LINDA,WILLIAMS,LINDA.WILLIAMS@sakilacustomer.org,4.99,"2006-02-15 04:57:12",20060214,20050818
81,3,81,1,LINDA,WILLIAMS,LINDA.WILLIAMS@sakilacustomer.org,8.99,"2006-02-15 04:57:12",20060214,20050819
82,3,82,1,LINDA,WILLIAMS,LINDA.WILLIAMS@sakilacustomer.org,2.99,"2006-02-15 04:57:12",20060214,20050820
83,3,83,1,LINDA,WILLIAMS,LINDA.WILLIAMS@sakilacustomer.org,8.99,"2006-02-15 04:57:12",20060214,20050821
84,3,84,1,LINDA,WILLIAMS,LINDA.WILLIAMS@sakilacustomer.org,0.99,"2006-02-15 04:57:12",20060214,20050822
85,3,85,1,LINDA,WILLIAMS,LINDA.WILLIAMS@sakilacustomer.org,2.99,"2006-02-15 04:57:12",20060214,20050823
86,4,86,2,BARBARA,JONES,BARBARA.JONES@sakilacustomer.org,4.99,"2006-02-15 04:57:12",20060214,20050615
87,4,87,2,BARBARA,JONES,BARBARA.JONES@sakilacustomer.org,0.99,"2006-02-15 04:57:12",20060214,20050616
88,4,88,2,BARBARA,JONES,BARBARA.JONES@sakilacustomer.org,2.99,"2006-02-15 04:57:12",20060214,20050616
89,4,89,2,BARBARA,JONES,BARBARA.JONES@sakilacustomer.org,0.99,"2006-02-15 04:57:12",20060214,20050616
90,4,90,2,BARBARA,JONES,BARBARA.JONES@sakilacustomer.org,0.99,"2006-02-15 04:57:12",20060214,20050617
91,4,91,2,BARBARA,JONES,BARBARA.JONES@sakilacustomer.org,5.99,"2006-02-15 04:57:12",20060214,20050619
92,4,92,2,BARBARA,JONES,BARBARA.JONES@sakilacustomer.org,2.99,"2006-02-15 04:57:12",20060214,20050728
93,4,93,2,BARBARA,JONES,BARBARA.JONES@sakilacustomer.org,2.99,"2006-02-15 04:57:12",20060214,20050728
94,4,94,2,BARBARA,JONES,BARBARA.JONES@sakilacustomer.org,3.99,"2006-02-15 04:57:12",20060214,20050729
95,4,95,2,BARBARA,JONES,BARBARA.JONES@sakilacustomer.org,5.99,"2006-02-15 04:57:12",20060214,20050730
96,4,96,2,BARBARA,JONES,BARBARA.JONES@sakilacustomer.org,5.99,"2006-02-15 04:57:12",20060214,20050730
97,4,97,2,BARBARA,JONES,BARBARA.JONES@sakilacustomer.org,0.99,"2006-02-15 04:57:12",20060214,20050802
98,4,98,2,BARBARA,JONES,BARBARA.JONES@sakilacustomer.org,2.99,"2006-02-15 04:57:12",20060214,20050802
99,4,99,2,BARBARA,JONES,BARBARA.JONES@sakilacustomer.org,4.99,"2006-02-15 04:57:12",20060214,20050817
100,4,100,2,BARBARA,JONES,BARBARA.JONES@sakilacustomer.org,2.99,"2006-02-15 04:57:12",20060214,20050818
101,4,101,2,BARBARA,JONES,BARBARA.JONES@sakilacustomer.org,8.99,"2006-02-15 04:57:12",20060214,20050818
102,4,102,2,BARBARA,JONES,BARBARA.JONES@sakilacustomer.org,1.99,"2006-02-15 04:57:12",20060214,20050819
103,4,103,2,BARBARA,JONES,BARBARA.JONES@sakilacustomer.org,2.99,"2006-02-15 04:57:12",20060214,20050820
104,4,104,2,BARBARA,JONES,BARBARA.JONES@sakilacustomer.org,6.99,"2006-02-15 04:57:12",20060214,20050820
105,4,105,2,BARBARA,JONES,BARBARA.JONES@sakilacustomer.org,4.99,"2006-02-15 04:57:12",20060214,20050821
106,4,106,2,BARBARA,JONES,BARBARA.JONES@sakilacustomer.org,2.99,"2006-02-15 04:57:12",20060214,20050822
107,4,107,2,BARBARA,JONES,BARBARA.JONES@sakilacustomer.org,1.99,"2006-02-15 04:57:12",20060214,20050823
108,5,108,1,ELIZABETH,BROWN,ELIZABETH.BROWN@sakilacustomer.org,0.99,"2006-02-15 04:57:12",20060214,20050529
109,5,109,1,ELIZABETH,BROWN,ELIZABETH.BROWN@sakilacustomer.org,6.99,"2006-02-15 04:57:12",20060214,20050531
110,5,110,1,ELIZABETH,BROWN,ELIZABETH.BROWN@sakilacustomer.org,1.99,"2006-02-15 04:57:12",20060214,20050531
111,5,111,1,ELIZABETH,BROWN,ELIZABETH.BROWN@sakilacustomer.org,3.99,"2006-02-15 04:57:12",20060214,20050615
112,5,112,1,ELIZABETH,BROWN,ELIZABETH.BROWN@sakilacustomer.org,2.99,"2006-02-15 04:57:12",20060214,20050616
113,5,113,1,ELIZABETH,BROWN,ELIZABETH.BROWN@sakilacustomer.org,4.99,"2006-02-15 04:57:12",20060214,20050617
114,5,114,1,ELIZABETH,BROWN,ELIZABETH.BROWN@sakilacustomer.org,2.99,"2006-02-15 04:57:12",20060214,20050619
115,5,115,1,ELIZABETH,BROWN,ELIZABETH.BROWN@sakilacustomer.org,4.99,"2006-02-15 04:57:12",20060214,20050620
116,5,116,1,ELIZABETH,BROWN,ELIZABETH.BROWN@sakilacustomer.org,4.99,"2006-02-15 04:57:12",20060214,20050706
117,5,117,1,ELIZABETH,BROWN,ELIZABETH.BROWN@sakilacustomer.org,2.99,"2006-02-15 04:57:12",20060214,20050708
118,5,118,1,ELIZABETH,BROWN,ELIZABETH.BROWN@sakilacustomer.org,4.99,"2006-02-15 04:57:12",20060214,20050709
119,5,119,1,ELIZABETH,BROWN,ELIZABETH.BROWN@sakilacustomer.org,5.99,"2006-02-15 04:57:12",20060214,20050709
120,5,120,1,ELIZABETH,BROWN,ELIZABETH.BROWN@sakilacustomer.org,1.99,"2006-02-15 04:57:12",20060214,20050709
121,5,121,1,ELIZABETH,BROWN,ELIZABETH.BROWN@sakilacustomer.org,0.99,"2006-02-15 04:57:12",20060214,20050710
122,5,122,1,ELIZABETH,BROWN,ELIZABETH.BROWN@sakilacustomer.org,8.99,"2006-02-15 04:57:12",20060214,20050711
123,5,123,1,ELIZABETH,BROWN,ELIZABETH.BROWN@sakilacustomer.org,3.99,"2006-02-15 04:57:12",20060214,20050712
124,5,124,1,ELIZABETH,BROWN,ELIZABETH.BROWN@sakilacustomer.org,4.99,"2006-02-15 04:57:12",20060214,20050712
125,5,125,1,ELIZABETH,BROWN,ELIZABETH.BROWN@sakilacustomer.org,0.99,"2006-02-15 04:57:12",20060214,20050727
126,5,126,1,ELIZABETH,BROWN,ELIZABETH.BROWN@sakilacustomer.org,0.99,"2006-02-15 04:57:12",20060214,20050728
127,5,127,1,ELIZABETH,BROWN,ELIZABETH.BROWN@sakilacustomer.org,3.99,"2006-02-15 04:57:12",20060214,20050728
128,5,128,1,ELIZABETH,BROWN,ELIZABETH.BROWN@sakilacustomer.org,2.99,"2006-02-15 04:57:12",20060214,20050729
129,5,129,1,ELIZABETH,BROWN,ELIZABETH.BROWN@sakilacustomer.org,1.99,"2006-02-15 04:57:12",20060214,20050730
130,5,130,1,ELIZABETH,BROWN,ELIZABETH.BROWN@sakilacustomer.org,4.99,"2006-02-15 04:57:12",20060214,20050730
131,5,131,1,ELIZABETH,BROWN,ELIZABETH.BROWN@sakilacustomer.org,3.99,"2006-02-15 04:57:12",20060214,20050731
132,5,132,1,ELIZABETH,BROWN,ELIZABETH.BROWN@sakilacustomer.org,4.99,"2006-02-15 04:57:12",20060214,20050801
133,5,133,1,ELIZABETH,BROWN,ELIZABETH.BROWN@sakilacustomer.org,0.99,"2006-02-15 04:57:12",20060214,20050801
134,5,134,1,ELIZABETH,BROWN,ELIZABETH.BROWN@sakilacustomer.org,4.99,"2006-02-15 04:57:12",20060214,20050802
135,5,135,1,ELIZABETH,BROWN,ELIZABETH.BROWN@sakilacustomer.org,4.99,"2006-02-15 04:57:12",20060214,20050802
136,5,136,1,ELIZABETH,BROWN,ELIZABETH.BROWN@sakilacustomer.org,3.99,"2006-02-15 04:57:12",20060214,20050817
137,5,137,1,ELIZABETH,BROWN,ELIZABETH.BROWN@sakilacustomer.org,9.99,"2006-02-15 04:57:12",20060214,20050818
138,5,138,1,ELIZABETH,BROWN,ELIZABETH.BROWN@sakilacustomer.org,2.99,"2006-02-15 04:57:12",20060214,20050819
139,5,139,1,ELIZABETH,BROWN,ELIZABETH.BROWN@sakilacustomer.org,1.99,"2006-02-15 04:57:12",20060214,20050819
140,5,140,1,ELIZABETH,BROWN,ELIZABETH.BROWN@sakilacustomer.org,0.99,"2006-02-15 04:57:12",20060214,20050820
141,5,141,1,ELIZABETH,BROWN,ELIZABETH.BROWN@sakilacustomer.org,6.99,"2006-02-15 04:57:12",20060214,20050820
142,5,142,1,ELIZABETH,BROWN,ELIZABETH.BROWN@sakilacustomer.org,6.99,"2006-02-15 04:57:12",20060214,20050821
143,5,143,1,ELIZABETH,BROWN,ELIZABETH.BROWN@sakilacustomer.org,2.99,"2006-02-15 04:57:12",20060214,20050821
144,5,144,1,ELIZABETH,BROWN,ELIZABETH.BROWN@sakilacustomer.org,0.99,"2006-02-15 04:57:12",20060214,20050822
145,5,145,1,ELIZABETH,BROWN,ELIZABETH.BROWN@sakilacustomer.org,0.99,"2006-02-15 04:57:12",20060214,20060214
146,6,146,2,JENNIFER,DAVIS,JENNIFER.DAVIS@sakilacustomer.org,4.99,"2006-02-15 04:57:12",20060214,20050525
147,6,147,2,JENNIFER,DAVIS,JENNIFER.DAVIS@sakilacustomer.org,2.99,"2006-02-15 04:57:12",20060214,20050528
148,6,148,2,JENNIFER,DAVIS,JENNIFER.DAVIS@sakilacustomer.org,0.99,"2006-02-15 04:57:12",20060214,20050530
149,6,149,2,JENNIFER,DAVIS,JENNIFER.DAVIS@sakilacustomer.org,3.99,"2006-02-15 04:57:12",20060214,20050616
150,6,150,2,JENNIFER,DAVIS,JENNIFER.DAVIS@sakilacustomer.org,2.99,"2006-02-15 04:57:12",20060214,20050616
151,6,151,2,JENNIFER,DAVIS,JENNIFER.DAVIS@sakilacustomer.org,0.99,"2006-02-15 04:57:12",20060214,20050617
152,6,152,2,JENNIFER,DAVIS,JENNIFER.DAVIS@sakilacustomer.org,0.99,"2006-02-15 04:57:12",20060214,20050618
153,6,153,2,JENNIFER,DAVIS,JENNIFER.DAVIS@sakilacustomer.org,0.99,"2006-02-15 04:57:12",20060214,20050706
154,6,154,2,JENNIFER,DAVIS,JENNIFER.DAVIS@sakilacustomer.org,2.99,"2006-02-15 04:57:12",20060214,20050707
155,6,155,2,JENNIFER,DAVIS,JENNIFER.DAVIS@sakilacustomer.org,0.99,"2006-02-15 04:57:12",20060214,20050710
156,6,156,2,JENNIFER,DAVIS,JENNIFER.DAVIS@sakilacustomer.org,5.99,"2006-02-15 04:57:12",20060214,20050711
157,6,157,2,JENNIFER,DAVIS,JENNIFER.DAVIS@sakilacustomer.org,7.99,"2006-02-15 04:57:12",20060214,20050711
158,6,158,2,JENNIFER,DAVIS,JENNIFER.DAVIS@sakilacustomer.org,0.99,"2006-02-15 04:57:12",20060214,20050712
159,6,159,2,JENNIFER,DAVIS,JENNIFER.DAVIS@sakilacustomer.org,2.99,"2006-02-15 04:57:12",20060214,20050727
160,6,160,2,JENNIFER,DAVIS,JENNIFER.DAVIS@sakilacustomer.org,2.99,"2006-02-15 04:57:12",20060214,20050727
161,6,161,2,JENNIFER,DAVIS,JENNIFER.DAVIS@sakilacustomer.org,0.99,"2006-02-15 04:57:12",20060214,20050728
162,6,162,2,JENNIFER,DAVIS,JENNIFER.DAVIS@sakilacustomer.org,2.99,"2006-02-15 04:57:12",20060214,20050801
163,6,163,2,JENNIFER,DAVIS,JENNIFER.DAVIS@sakilacustomer.org,2.99,"2006-02-15 04:57:12",20060214,20050802
164,6,164,2,JENNIFER,DAVIS,JENNIFER.DAVIS@sakilacustomer.org,3.99,"2006-02-15 04:57:12",20060214,20050802
165,6,165,2,JENNIFER,DAVIS,JENNIFER.DAVIS@sakilacustomer.org,6.99,"2006-02-15 04:57:12",20060214,20050817
166,6,166,2,JENNIFER,DAVIS,JENNIFER.DAVIS@sakilacustomer.org,0.99,"2006-02-15 04:57:12",20060214,20050817
167,6,167,2,JENNIFER,DAVIS,JENNIFER.DAVIS@sakilacustomer.org,0.99,"2006-02-15 04:57:12",20060214,20050817
168,6,168,2,JENNIFER,DAVIS,JENNIFER.DAVIS@sakilacustomer.org,2.99,"2006-02-15 04:57:12",20060214,20050818
169,6,169,2,JENNIFER,DAVIS,JENNIFER.DAVIS@sakilacustomer.org,6.99,"2006-02-15 04:57:12",20060214,20050820
170,6,170,2,JENNIFER,DAVIS,JENNIFER.DAVIS@sakilacustomer.org,7.99,"2006-02-15 04:57:12",20060214,20050821
171,6,171,2,JENNIFER,DAVIS,JENNIFER.DAVIS@sakilacustomer.org,4.99,"2006-02-15 04:57:12",20060214,20050821
172,6,172,2,JENNIFER,DAVIS,JENNIFER.DAVIS@sakilacustomer.org,5.99,"2006-02-15 04:57:12",20060214,20050823
173,6,173,2,JENNIFER,DAVIS,JENNIFER.DAVIS@sakilacustomer.org,0.99,"2006-02-15 04:57:12",20060214,20050823
174,7,174,1,MARIA,MILLER,MARIA.MILLER@sakilacustomer.org,5.99,"2006-02-15 04:57:12",20060214,20050525
175,7,175,1,MARIA,MILLER,MARIA.MILLER@sakilacustomer.org,0.99,"2006-02-15 04:57:12",20060214,20050525
176,7,176,1,MARIA,MILLER,MARIA.MILLER@sakilacustomer.org,2.99,"2006-02-15 04:57:12",20060214,20050529
177,7,177,1,MARIA,MILLER,MARIA.MILLER@sakilacustomer.org,4.99,"2006-02-15 04:57:12",20060214,20050530
178,7,178,1,MARIA,MILLER,MARIA.MILLER@sakilacustomer.org,5.99,"2006-02-15 04:57:12",20060214,20050531
179,7,179,1,MARIA,MILLER,MARIA.MILLER@sakilacustomer.org,0.99,"2006-02-15 04:57:12",20060214,20050616
180,7,180,1,MARIA,MILLER,MARIA.MILLER@sakilacustomer.org,2.99,"2006-02-15 04:57:12",20060214,20050618
181,7,181,1,MARIA,MILLER,MARIA.MILLER@sakilacustomer.org,0.99,"2006-02-15 04:57:12",20060214,20050619
182,7,182,1,MARIA,MILLER,MARIA.MILLER@sakilacustomer.org,4.99,"2006-02-15 04:57:12",20060214,20050620
183,7,183,1,MARIA,MILLER,MARIA.MILLER@sakilacustomer.org,0.99,"2006-02-15 04:57:12",20060214,20050620
184,7,184,1,MARIA,MILLER,MARIA.MILLER@sakilacustomer.org,5.99,"2006-02-15 04:57:12",20060214,20050706
185,7,185,1,MARIA,MILLER,MARIA.MILLER@sakilacustomer.org,2.99,"2006-02-15 04:57:12",20060214,20050707
186,7,186,1,MARIA,MILLER,MARIA.MILLER@sakilacustomer.org,5.99,"2006-02-15 04:57:12",20060214,20050708
187,7,187,1,MARIA,MILLER,MARIA.MILLER@sakilacustomer.org,4.99,"2006-02-15 04:57:12",20060214,20050708
188,7,188,1,MARIA,MILLER,MARIA.MILLER@sakilacustomer.org,8.99,"2006-02-15 04:57:12",20060214,20050709
189,7,189,1,MARIA,MILLER,MARIA.MILLER@sakilacustomer.org,7.99,"2006-02-15 04:57:12",20060214,20050710
190,7,190,1,MARIA,MILLER,MARIA.MILLER@sakilacustomer.org,1.99,"2006-02-15 04:57:12",20060214,20050711
191,7,191,1,MARIA,MILLER,MARIA.MILLER@sakilacustomer.org,2.99,"2006-02-15 04:57:12",20060214,20050711
192,7,192,1,MARIA,MILLER,MARIA.MILLER@sakilacustomer.org,3.99,"2006-02-15 04:57:12",20060214,20050712
193,7,193,1,MARIA,MILLER,MARIA.MILLER@sakilacustomer.org,5.99,"2006-02-15 04:57:12",20060214,20050729
194,7,194,1,MARIA,MILLER,MARIA.MILLER@sakilacustomer.org,7.99,"2006-02-15 04:57:12",20060214,20050731
195,7,195,1,MARIA,MILLER,MARIA.MILLER@sakilacustomer.org,6.99,"2006-02-15 04:57:12",20060214,20050801
196,7,196,1,MARIA,MILLER,MARIA.MILLER@sakilacustomer.org,5.99,"2006-02-15 04:57:12",20060214,20050801
197,7,197,1,MARIA,MILLER,MARIA.MILLER@sakilacustomer.org,4.99,"2006-02-15 04:57:12",20060214,20050801
198,7,198,1,MARIA,MILLER,MARIA.MILLER@sakilacustomer.org,4.99,"2006-02-15 04:57:12",20060214,20050801
199,7,199,1,MARIA,MILLER,MARIA.MILLER@sakilacustomer.org,3.99,"2006-02-15 04:57:12",20060214,20050802
200,7,200,1,MARIA,MILLER,MARIA.MILLER@sakilacustomer.org,7.99,"2006-02-15 04:57:12",20060214,20050817
201,7,201,1,MARIA,MILLER,MARIA.MILLER@sakilacustomer.org,8.99,"2006-02-15 04:57:12",20060214,20050818
202,7,202,1,MARIA,MILLER,MARIA.MILLER@sakilacustomer.org,2.99,"2006-02-15 04:57:12",20060214,20050818
203,7,203,1,MARIA,MILLER,MARIA.MILLER@sakilacustomer.org,2.99,"2006-02-15 04:57:12",20060214,20050819
204,7,204,1,MARIA,MILLER,MARIA.MILLER@sakilacustomer.org,2.99,"2006-02-15 04:57:12",20060214,20050820
205,7,205,1,MARIA,MILLER,MARIA.MILLER@sakilacustomer.org,0.99,"2006-02-15 04:57:12",20060214,20050820
206,7,206,1,MARIA,MILLER,MARIA.MILLER@sakilacustomer.org,5.99,"2006-02-15 04:57:12",20060214,20050821
207,8,207,2,SUSAN,WILSON,SUSAN.WILSON@sakilacustomer.org,6.99,"2006-02-15 04:57:12",20060214,20050530
208,8,208,2,SUSAN,WILSON,SUSAN.WILSON@sakilacustomer.org,2.99,"2006-02-15 04:57:12",20060214,20050615
209,8,209,2,SUSAN,WILSON,SUSAN.WILSON@sakilacustomer.org,5.99,"2006-02-15 04:57:12",20060214,20050617
210,8,210,2,SUSAN,WILSON,SUSAN.WILSON@sakilacustomer.org,4.99,"2006-02-15 04:57:12",20060214,20050620
211,8,211,2,SUSAN,WILSON,SUSAN.WILSON@sakilacustomer.org,5.99,"2006-02-15 04:57:12",20060214,20050705
212,8,212,2,SUSAN,WILSON,SUSAN.WILSON@sakilacustomer.org,0.99,"2006-02-15 04:57:12",20060214,20050707
213,8,213,2,SUSAN,WILSON,SUSAN.WILSON@sakilacustomer.org,2.99,"2006-02-15 04:57:12",20060214,20050707
214,8,214,2,SUSAN,WILSON,SUSAN.WILSON@sakilacustomer.org,3.99,"2006-02-15 04:57:12",20060214,20050707
215,8,215,2,SUSAN,WILSON,SUSAN.WILSON@sakilacustomer.org,3.99,"2006-02-15 04:57:12",20060214,20050708
216,8,216,2,SUSAN,WILSON,SUSAN.WILSON@sakilacustomer.org,2.99,"2006-02-15 04:57:12",20060214,20050709
217,8,217,2,SUSAN,WILSON,SUSAN.WILSON@sakilacustomer.org,2.99,"2006-02-15 04:57:12",20060214,20050709
218,8,218,2,SUSAN,WILSON,SUSAN.WILSON@sakilacustomer.org,4.99,"2006-02-15 04:57:12",20060214,20050711
219,8,219,2,SUSAN,WILSON,SUSAN.WILSON@sakilacustomer.org,0.99,"2006-02-15 04:57:12",20060214,20050712
220,8,220,2,SUSAN,WILSON,SUSAN.WILSON@sakilacustomer.org,1.99,"2006-02-15 04:57:12",20060214,20050729
221,8,221,2,SUSAN,WILSON,SUSAN.WILSON@sakilacustomer.org,2.99,"2006-02-15 04:57:12",20060214,20050731
222,8,222,2,SUSAN,WILSON,SUSAN.WILSON@sakilacustomer.org,0.99,"2006-02-15 04:57:12",20060214,20050731
223,8,223,2,SUSAN,WILSON,SUSAN.WILSON@sakilacustomer.org,2.99,"2006-02-15 04:57:12",20060214,20050801
224,8,224,2,SUSAN,WILSON,SUSAN.WILSON@sakilacustomer.org,9.99,"2006-02-15 04:57:12",20060214,20050802
225,8,225,2,SUSAN,WILSON,SUSAN.WILSON@sakilacustomer.org,2.99,"2006-02-15 04:57:12",20060214,20050802
226,8,226,2,SUSAN,WILSON,SUSAN.WILSON@sakilacustomer.org,2.99,"2006-02-15 04:57:12",20060214,20050818
227,8,227,2,SUSAN,WILSON,SUSAN.WILSON@sakilacustomer.org,0.99,"2006-02-15 04:57:12",20060214,20050821
228,8,228,2,SUSAN,WILSON,SUSAN.WILSON@sakilacustomer.org,7.99,"2006-02-15 04:57:12",20060214,20050822
229,8,229,2,SUSAN,WILSON,SUSAN.WILSON@sakilacustomer.org,2.99,"2006-02-15 04:57:12",20060214,20050823
230,8,230,2,SUSAN,WILSON,SUSAN.WILSON@sakilacustomer.org,4.99,"2006-02-15 04:57:12",20060214,20050823
231,9,231,2,MARGARET,MOORE,MARGARET.MOORE@sakilacustomer.org,4.99,"2006-02-15 04:57:12",20060214,20050527
232,9,232,2,MARGARET,MOORE,MARGARET.MOORE@sakilacustomer.org,0.99,"2006-02-15 04:57:12",20060214,20050530
233,9,233,2,MARGARET,MOORE,MARGARET.MOORE@sakilacustomer.org,4.99,"2006-02-15 04:57:12",20060214,20050531
234,9,234,2,MARGARET,MOORE,MARGARET.MOORE@sakilacustomer.org,7.99,"2006-02-15 04:57:12",20060214,20050620
235,9,235,2,MARGARET,MOORE,MARGARET.MOORE@sakilacustomer.org,4.99,"2006-02-15 04:57:12",20060214,20050621
236,9,236,2,MARGARET,MOORE,MARGARET.MOORE@sakilacustomer.org,2.99,"2006-02-15 04:57:12",20060214,20050707
237,9,237,2,MARGARET,MOORE,MARGARET.MOORE@sakilacustomer.org,0.99,"2006-02-15 04:57:12",20060214,20050708
238,9,238,2,MARGARET,MOORE,MARGARET.MOORE@sakilacustomer.org,1.99,"2006-02-15 04:57:12",20060214,20050708
239,9,239,2,MARGARET,MOORE,MARGARET.MOORE@sakilacustomer.org,2.99,"2006-02-15 04:57:12",20060214,20050710
240,9,240,2,MARGARET,MOORE,MARGARET.MOORE@sakilacustomer.org,4.99,"2006-02-15 04:57:12",20060214,20050711
241,9,241,2,MARGARET,MOORE,MARGARET.MOORE@sakilacustomer.org,5.99,"2006-02-15 04:57:12",20060214,20050711
242,9,242,2,MARGARET,MOORE,MARGARET.MOORE@sakilacustomer.org,0.99,"2006-02-15 04:57:12",20060214,20050728
243,9,243,2,MARGARET,MOORE,MARGARET.MOORE@sakilacustomer.org,2.99,"2006-02-15 04:57:12",20060214,20050728
244,9,244,2,MARGARET,MOORE,MARGARET.MOORE@sakilacustomer.org,4.99,"2006-02-15 04:57:12",20060214,20050730
245,9,245,2,MARGARET,MOORE,MARGARET.MOORE@sakilacustomer.org,0.99,"2006-02-15 04:57:12",20060214,20050801
246,9,246,2,MARGARET,MOORE,MARGARET.MOORE@sakilacustomer.org,4.99,"2006-02-15 04:57:12",20060214,20050801
247,9,247,2,MARGARET,MOORE,MARGARET.MOORE@sakilacustomer.org,5.99,"2006-02-15 04:57:12",20060214,20050802
248,9,248,2,MARGARET,MOORE,MARGARET.MOORE@sakilacustomer.org,0.99,"2006-02-15 04:57:12",20060214,20050817
249,9,249,2,MARGARET,MOORE,MARGARET.MOORE@sakilacustomer.org,2.99,"2006-02-15 04:57:12",20060214,20050818
250,9,250,2,MARGARET,MOORE,MARGARET.MOORE@sakilacustomer.org,2.99,"2006-02-15 04:57:12",20060214,20050818
251,9,251,2,MARGARET,MOORE,MARGARET.MOORE@sakilacustomer.org,4.99,"2006-02-15 04:57:12",20060214,20050818
252,9,252,2,MARGARET,MOORE,MARGARET.MOORE@sakilacustomer.org,7.99,"2006-02-15 04:57:12",20060214,20050821
253,9,253,2,MARGARET,MOORE,MARGARET.MOORE@sakilacustomer.org,4.99,"2006-02-15 04:57:12",20060214,20060214
254,10,254,1,DOROTHY,TAYLOR,DOROTHY.TAYLOR@sakilacustomer.org,4.99,"2006-02-15 04:57:12",20060214,20050531
255,10,255,1,DOROTHY,TAYLOR,DOROTHY.TAYLOR@sakilacustomer.org,4.99,"2006-02-15 04:57:12",20060214,20050616
256,10,256,1,DOROTHY,TAYLOR,DOROTHY.TAYLOR@sakilacustomer.org,4.99,"2006-02-15 04:57:12",20060214,20050617
257,10,257,1,DOROTHY,TAYLOR,DOROTHY.TAYLOR@sakilacustomer.org,3.99,"2006-02-15 04:57:12",20060214,20050618
258,10,258,1,DOROTHY,TAYLOR,DOROTHY.TAYLOR@sakilacustomer.org,0.99,"2006-02-15 04:57:12",20060214,20050619
259,10,259,1,DOROTHY,TAYLOR,DOROTHY.TAYLOR@sakilacustomer.org,0.99,"2006-02-15 04:57:12",20060214,20050620
260,10,260,1,DOROTHY,TAYLOR,DOROTHY.TAYLOR@sakilacustomer.org,3.99,"2006-02-15 04:57:12",20060214,20050706
261,10,261,1,DOROTHY,TAYLOR,DOROTHY.TAYLOR@sakilacustomer.org,4.99,"2006-02-15 04:57:12",20060214,20050707
262,10,262,1,DOROTHY,TAYLOR,DOROTHY.TAYLOR@sakilacustomer.org,1.99,"2006-02-15 04:57:12",20060214,20050707
263,10,263,1,DOROTHY,TAYLOR,DOROTHY.TAYLOR@sakilacustomer.org,7.99,"2006-02-15 04:57:12",20060214,20050709
264,10,264,1,DOROTHY,TAYLOR,DOROTHY.TAYLOR@sakilacustomer.org,2.99,"2006-02-15 04:57:12",20060214,20050709
265,10,265,1,DOROTHY,TAYLOR,DOROTHY.TAYLOR@sakilacustomer.org,0.99,"2006-02-15 04:57:12",20060214,20050709
266,10,266,1,DOROTHY,TAYLOR,DOROTHY.TAYLOR@sakilacustomer.org,2.99,"2006-02-15 04:57:12",20060214,20050710
267,10,267,1,DOROTHY,TAYLOR,DOROTHY.TAYLOR@sakilacustomer.org,2.99,"2006-02-15 04:57:12",20060214,20050728
268,10,268,1,DOROTHY,TAYLOR,DOROTHY.TAYLOR@sakilacustomer.org,6.99,"2006-02-15 04:57:12",20060214,20050728
269,10,269,1,DOROTHY,TAYLOR,DOROTHY.TAYLOR@sakilacustomer.org,4.99,"2006-02-15 04:57:12",20060214,20050728
270,10,270,1,DOROTHY,TAYLOR,DOROTHY.TAYLOR@sakilacustomer.org,4.99,"2006-02-15 04:57:12",20060214,20050731
271,10,271,1,DOROTHY,TAYLOR,DOROTHY.TAYLOR@sakilacustomer.org,8.99,"2006-02-15 04:57:12",20060214,20050801
272,10,272,1,DOROTHY,TAYLOR,DOROTHY.TAYLOR@sakilacustomer.org,2.99,"2006-02-15 04:57:12",20060214,20050802
273,10,273,1,DOROTHY,TAYLOR,DOROTHY.TAYLOR@sakilacustomer.org,0.99,"2006-02-15 04:57:12",20060214,20050802
274,10,274,1,DOROTHY,TAYLOR,DOROTHY.TAYLOR@sakilacustomer.org,2.99,"2006-02-15 04:57:12",20060214,20050817
275,10,275,1,DOROTHY,TAYLOR,DOROTHY.TAYLOR@sakilacustomer.org,2.99,"2006-02-15 04:57:12",20060214,20050818
276,10,276,1,DOROTHY,TAYLOR,DOROTHY.TAYLOR@sakilacustomer.org,4.99,"2006-02-15 04:57:12",20060214,20050819
277,10,277,1,DOROTHY,TAYLOR,DOROTHY.TAYLOR@sakilacustomer.org,2.99,"2006-02-15 04:57:12",20060214,20050820
278,10,278,1,DOROTHY,TAYLOR,DOROTHY.TAYLOR@sakilacustomer.org,5.99,"2006-02-15 04:57:12",20060214,20050822
279,11,279,2,LISA,ANDERSON,LISA.ANDERSON@sakilacustomer.org,6.99,"2006-02-15 04:57:12",20060214,20050530
280,11,280,2,LISA,ANDERSON,LISA.ANDERSON@sakilacustomer.org,6.99,"2006-02-15 04:57:12",20060214,20050615
281,11,281,2,LISA,ANDERSON,LISA.ANDERSON@sakilacustomer.org,7.99,"2006-02-15 04:57:12",20060214,20050617
282,11,282,2,LISA,ANDERSON,LISA.ANDERSON@sakilacustomer.org,0.99,"2006-02-15 04:57:12",20060214,20050620
283,11,283,2,LISA,ANDERSON,LISA.ANDERSON@sakilacustomer.org,2.99,"2006-02-15 04:57:12",20060214,20050708
284,11,284,2,LISA,ANDERSON,LISA.ANDERSON@sakilacustomer.org,4.99,"2006-02-15 04:57:12",20060214,20050708
285,11,285,2,LISA,ANDERSON,LISA.ANDERSON@sakilacustomer.org,5.99,"2006-02-15 04:57:12",20060214,20050710
286,11,286,2,LISA,ANDERSON,LISA.ANDERSON@sakilacustomer.org,6.99,"2006-02-15 04:57:12",20060214,20050711
287,11,287,2,LISA,ANDERSON,LISA.ANDERSON@sakilacustomer.org,4.99,"2006-02-15 04:57:12",20060214,20050727
288,11,288,2,LISA,ANDERSON,LISA.ANDERSON@sakilacustomer.org,4.99,"2006-02-15 04:57:12",20060214,20050728
289,11,289,2,LISA,ANDERSON,LISA.ANDERSON@sakilacustomer.org,2.99,"2006-02-15 04:57:12",20060214,20050728
290,11,290,2,LISA,ANDERSON,LISA.ANDERSON@sakilacustomer.org,1.99,"2006-02-15 04:57:12",20060214,20050729
291,11,291,2,LISA,ANDERSON,LISA.ANDERSON@sakilacustomer.org,0.99,"2006-02-15 04:57:12",20060214,20050729
292,11,292,2,LISA,ANDERSON,LISA.ANDERSON@sakilacustomer.org,9.99,"2006-02-15 04:57:12",20060214,20050730
293,11,293,2,LISA,ANDERSON,LISA.ANDERSON@sakilacustomer.org,6.99,"2006-02-15 04:57:12",20060214,20050730
294,11,294,2,LISA,ANDERSON,LISA.ANDERSON@sakilacustomer.org,4.99,"2006-02-15 04:57:12",20060214,20050801
295,11,295,2,LISA,ANDERSON,LISA.ANDERSON@sakilacustomer.org,6.99,"2006-02-15 04:57:12",20060214,20050802
296,11,296,2,LISA,ANDERSON,LISA.ANDERSON@sakilacustomer.org,0.99,"2006-02-15 04:57:12",20060214,20050816
297,11,297,2,LISA,ANDERSON,LISA.ANDERSON@sakilacustomer.org,5.99,"2006-02-15 04:57:12",20060214,20050817
298,11,298,2,LISA,ANDERSON,LISA.ANDERSON@sakilacustomer.org,0.99,"2006-02-15 04:57:12",20060214,20050820
299,11,299,2,LISA,ANDERSON,LISA.ANDERSON@sakilacustomer.org,4.99,"2006-02-15 04:57:12",20060214,20050820
300,11,300,2,LISA,ANDERSON,LISA.ANDERSON@sakilacustomer.org,0.99,"2006-02-15 04:57:12",20060214,20050822
301,11,301,2,LISA,ANDERSON,LISA.ANDERSON@sakilacustomer.org,2.99,"2006-02-15 04:57:12",20060214,20050822
302,11,302,2,LISA,ANDERSON,LISA.ANDERSON@sakilacustomer.org,0.99,"2006-02-15 04:57:12",20060214,20060214
303,12,303,1,NANCY,THOMAS,NANCY.THOMAS@sakilacustomer.org,4.99,"2006-02-15 04:57:12",20060214,20050530
304,12,304,1,NANCY,THOMAS,NANCY.THOMAS@sakilacustomer.org,4.99,"2006-02-15 04:57:12",20060214,20050531
305,12,305,1,NANCY,THOMAS,NANCY.THOMAS@sakilacustomer.org,5.99,"2006-02-15 04:57:12",20060214,20050616
306,12,306,1,NANCY,THOMAS,NANCY.THOMAS@sakilacustomer.org,5.99,"2006-02-15 04:57:12",20060214,20050618
307,12,307,1,NANCY,THOMAS,NANCY.THOMAS@sakilacustomer.org,5.99,"2006-02-15 04:57:12",20060214,20050618
308,12,308,1,NANCY,THOMAS,NANCY.THOMAS@sakilacustomer.org,4.99,"2006-02-15 04:57:12",20060214,20050619
309,12,309,1,NANCY,THOMAS,NANCY.THOMAS@sakilacustomer.org,2.99,"2006-02-15 04:57:12",20060214,20050620
310,12,310,1,NANCY,THOMAS,NANCY.THOMAS@sakilacustomer.org,0.99,"2006-02-15 04:57:12",20060214,20050621
311,12,311,1,NANCY,THOMAS,NANCY.THOMAS@sakilacustomer.org,3.99,"2006-02-15 04:57:12",20060214,20050706
312,12,312,1,NANCY,THOMAS,NANCY.THOMAS@sakilacustomer.org,0.99,"2006-02-15 04:57:12",20060214,20050709
313,12,313,1,NANCY,THOMAS,NANCY.THOMAS@sakilacustomer.org,0.99,"2006-02-15 04:57:12",20060214,20050709
314,12,314,1,NANCY,THOMAS,NANCY.THOMAS@sakilacustomer.org,0.99,"2006-02-15 04:57:12",20060214,20050709
315,12,315,1,NANCY,THOMAS,NANCY.THOMAS@sakilacustomer.org,3.99,"2006-02-15 04:57:12",20060214,20050709
316,12,316,1,NANCY,THOMAS,NANCY.THOMAS@sakilacustomer.org,2.99,"2006-02-15 04:57:12",20060214,20050712
317,12,317,1,NANCY,THOMAS,NANCY.THOMAS@sakilacustomer.org,0.99,"2006-02-15 04:57:12",20060214,20050727
318,12,318,1,NANCY,THOMAS,NANCY.THOMAS@sakilacustomer.org,0.99,"2006-02-15 04:57:12",20060214,20050727
319,12,319,1,NANCY,THOMAS,NANCY.THOMAS@sakilacustomer.org,0.99,"2006-02-15 04:57:12",20060214,20050730
320,12,320,1,NANCY,THOMAS,NANCY.THOMAS@sakilacustomer.org,4.99,"2006-02-15 04:57:12",20060214,20050730
321,12,321,1,NANCY,THOMAS,NANCY.THOMAS@sakilacustomer.org,5.99,"2006-02-15 04:57:12",20060214,20050730
322,12,322,1,NANCY,THOMAS,NANCY.THOMAS@sakilacustomer.org,5.99,"2006-02-15 04:57:12",20060214,20050731
323,12,323,1,NANCY,THOMAS,NANCY.THOMAS@sakilacustomer.org,5.99,"2006-02-15 04:57:12",20060214,20050731
324,12,324,1,NANCY,THOMAS,NANCY.THOMAS@sakilacustomer.org,10.99,"2006-02-15 04:57:12",20060214,20050801
325,12,325,1,NANCY,THOMAS,NANCY.THOMAS@sakilacustomer.org,0.99,"2006-02-15 04:57:12",20060214,20050816
326,12,326,1,NANCY,THOMAS,NANCY.THOMAS@sakilacustomer.org,4.99,"2006-02-15 04:57:12",20060214,20050818
327,12,327,1,NANCY,THOMAS,NANCY.THOMAS@sakilacustomer.org,0.99,"2006-02-15 04:57:12",20060214,20050820
328,12,328,1,NANCY,THOMAS,NANCY.THOMAS@sakilacustomer.org,2.99,"2006-02-15 04:57:12",20060214,20050820
329,12,329,1,NANCY,THOMAS,NANCY.THOMAS@sakilacustomer.org,4.99,"2006-02-15 04:57:12",20060214,20050821
330,12,330,1,NANCY,THOMAS,NANCY.THOMAS@sakilacustomer.org,0.99,"2006-02-15 04:57:12",20060214,20050823
331,13,331,2,KAREN,JACKSON,KAREN.JACKSON@sakilacustomer.org,2.99,"2006-02-15 04:57:12",20060214,20050617
332,13,332,2,KAREN,JACKSON,KAREN.JACKSON@sakilacustomer.org,4.99,"2006-02-15 04:57:12",20060214,20050618
333,13,333,2,KAREN,JACKSON,KAREN.JACKSON@sakilacustomer.org,2.99,"2006-02-15 04:57:12",20060214,20050620
