"fact_table_id","customer_id","store_id","first_name","last_name","create_date","payment_id","amount","payment_date"
"1","1","1","MARY","SMITH","2006-02-14 22:04:36","1","3","2005-05-25 11:30:37"
"2","1","1","MARY","SMITH","2006-02-14 22:04:36","2","1","2005-05-28 10:35:23"
"3","1","1","MARY","SMITH","2006-02-14 22:04:36","3","6","2005-06-15 00:54:12"
"4","1","1","MARY","SMITH","2006-02-14 22:04:36","4","1","2005-06-15 18:02:53"
"5","1","1","MARY","SMITH","2006-02-14 22:04:36","5","10","2005-06-15 21:08:46"
"6","1","1","MARY","SMITH","2006-02-14 22:04:36","6","5","2005-06-16 15:18:57"
"7","1","1","MARY","SMITH","2006-02-14 22:04:36","7","5","2005-06-18 08:41:48"
"8","1","1","MARY","SMITH","2006-02-14 22:04:36","8","1","2005-06-18 13:33:59"
"9","1","1","MARY","SMITH","2006-02-14 22:04:36","9","4","2005-06-21 06:24:45"
"10","1","1","MARY","SMITH","2006-02-14 22:04:36","10","6","2005-07-08 03:17:05"
"11","1","1","MARY","SMITH","2006-02-14 22:04:36","11","6","2005-07-08 07:33:56"
"12","1","1","MARY","SMITH","2006-02-14 22:04:36","12","5","2005-07-09 13:24:07"
"13","1","1","MARY","SMITH","2006-02-14 22:04:36","13","5","2005-07-09 16:38:01"
"14","1","1","MARY","SMITH","2006-02-14 22:04:36","14","8","2005-07-11 10:13:46"
"15","1","1","MARY","SMITH","2006-02-14 22:04:36","15","3","2005-07-27 11:31:22"
"16","1","1","MARY","SMITH","2006-02-14 22:04:36","16","5","2005-07-28 09:04:45"
"17","1","1","MARY","SMITH","2006-02-14 22:04:36","17","5","2005-07-28 16:18:23"
"18","1","1","MARY","SMITH","2006-02-14 22:04:36","18","1","2005-07-28 17:33:39"
"19","1","1","MARY","SMITH","2006-02-14 22:04:36","19","1","2005-07-28 19:20:07"
"20","1","1","MARY","SMITH","2006-02-14 22:04:36","20","3","2005-07-29 03:58:49"
"21","1","1","MARY","SMITH","2006-02-14 22:04:36","21","3","2005-07-31 02:42:18"
"22","1","1","MARY","SMITH","2006-02-14 22:04:36","22","5","2005-08-01 08:51:04"
"23","1","1","MARY","SMITH","2006-02-14 22:04:36","23","4","2005-08-02 15:36:52"
"24","1","1","MARY","SMITH","2006-02-14 22:04:36","24","1","2005-08-02 18:01:38"
"25","1","1","MARY","SMITH","2006-02-14 22:04:36","25","5","2005-08-17 12:37:54"
"26","1","1","MARY","SMITH","2006-02-14 22:04:36","26","1","2005-08-18 03:57:29"
"27","1","1","MARY","SMITH","2006-02-14 22:04:36","27","1","2005-08-19 09:55:16"
"28","1","1","MARY","SMITH","2006-02-14 22:04:36","28","3","2005-08-19 13:56:54"
"29","1","1","MARY","SMITH","2006-02-14 22:04:36","29","1","2005-08-21 23:33:57"
"30","1","1","MARY","SMITH","2006-02-14 22:04:36","30","2","2005-08-22 01:27:57"
"31","1","1","MARY","SMITH","2006-02-14 22:04:36","31","3","2005-08-22 19:41:37"
"32","1","1","MARY","SMITH","2006-02-14 22:04:36","32","6","2005-08-22 20:03:46"
"33","2","1","PATRICIA","JOHNSON","2006-02-14 22:04:36","33","5","2005-05-27 00:09:24"
"34","2","1","PATRICIA","JOHNSON","2006-02-14 22:04:36","34","3","2005-06-17 20:54:58"
"35","2","1","PATRICIA","JOHNSON","2006-02-14 22:04:36","35","3","2005-07-10 06:31:24"
"36","2","1","PATRICIA","JOHNSON","2006-02-14 22:04:36","36","7","2005-07-10 12:38:56"
"37","2","1","PATRICIA","JOHNSON","2006-02-14 22:04:36","37","5","2005-07-27 14:30:42"
"38","2","1","PATRICIA","JOHNSON","2006-02-14 22:04:36","38","6","2005-07-27 15:23:02"
"39","2","1","PATRICIA","JOHNSON","2006-02-14 22:04:36","39","6","2005-07-27 18:40:20"
"40","2","1","PATRICIA","JOHNSON","2006-02-14 22:04:36","40","6","2005-07-29 00:12:59"
"41","2","1","PATRICIA","JOHNSON","2006-02-14 22:04:36","41","3","2005-07-29 12:56:59"
"42","2","1","PATRICIA","JOHNSON","2006-02-14 22:04:36","42","6","2005-07-29 17:14:29"
"43","2","1","PATRICIA","JOHNSON","2006-02-14 22:04:36","43","5","2005-07-30 06:06:10"
"44","2","1","PATRICIA","JOHNSON","2006-02-14 22:04:36","44","11","2005-07-30 13:47:43"
"45","2","1","PATRICIA","JOHNSON","2006-02-14 22:04:36","45","1","2005-07-30 14:14:11"
"46","2","1","PATRICIA","JOHNSON","2006-02-14 22:04:36","46","7","2005-07-30 16:21:13"
"47","2","1","PATRICIA","JOHNSON","2006-02-14 22:04:36","47","7","2005-07-30 22:39:53"
"48","2","1","PATRICIA","JOHNSON","2006-02-14 22:04:36","48","3","2005-07-31 21:58:56"
"49","2","1","PATRICIA","JOHNSON","2006-02-14 22:04:36","49","1","2005-08-01 09:45:26"
"50","2","1","PATRICIA","JOHNSON","2006-02-14 22:04:36","50","1","2005-08-02 02:10:56"
"51","2","1","PATRICIA","JOHNSON","2006-02-14 22:04:36","51","6","2005-08-02 07:41:41"
"52","2","1","PATRICIA","JOHNSON","2006-02-14 22:04:36","52","7","2005-08-02 10:43:48"
"53","2","1","PATRICIA","JOHNSON","2006-02-14 22:04:36","53","3","2005-08-02 13:44:53"
"54","2","1","PATRICIA","JOHNSON","2006-02-14 22:04:36","54","3","2005-08-17 03:52:18"
"55","2","1","PATRICIA","JOHNSON","2006-02-14 22:04:36","55","3","2005-08-19 06:26:04"
"56","2","1","PATRICIA","JOHNSON","2006-02-14 22:04:36","56","5","2005-08-21 13:24:32"
"57","2","1","PATRICIA","JOHNSON","2006-02-14 22:04:36","57","6","2005-08-21 22:41:56"
"58","2","1","PATRICIA","JOHNSON","2006-02-14 22:04:36","58","5","2005-08-22 13:53:04"
"59","2","1","PATRICIA","JOHNSON","2006-02-14 22:04:36","59","5","2005-08-23 17:39:35"
"60","3","1","LINDA","WILLIAMS","2006-02-14 22:04:36","60","2","2005-05-27 17:17:09"
"61","3","1","LINDA","WILLIAMS","2006-02-14 22:04:36","61","3","2005-05-29 22:43:55"
"62","3","1","LINDA","WILLIAMS","2006-02-14 22:04:36","62","9","2005-06-16 01:34:05"
"63","3","1","LINDA","WILLIAMS","2006-02-14 22:04:36","63","7","2005-06-16 15:19:10"
"64","3","1","LINDA","WILLIAMS","2006-02-14 22:04:36","64","7","2005-06-17 05:15:15"
"65","3","1","LINDA","WILLIAMS","2006-02-14 22:04:36","65","3","2005-06-19 08:34:53"
"66","3","1","LINDA","WILLIAMS","2006-02-14 22:04:36","66","5","2005-07-07 10:23:25"
"67","3","1","LINDA","WILLIAMS","2006-02-14 22:04:36","67","5","2005-07-08 12:47:11"
"68","3","1","LINDA","WILLIAMS","2006-02-14 22:04:36","68","6","2005-07-27 04:54:42"
"69","3","1","LINDA","WILLIAMS","2006-02-14 22:04:36","69","11","2005-07-27 20:23:12"
"70","3","1","LINDA","WILLIAMS","2006-02-14 22:04:36","70","8","2005-07-28 03:59:21"
"71","3","1","LINDA","WILLIAMS","2006-02-14 22:04:36","71","7","2005-07-28 04:46:30"
"72","3","1","LINDA","WILLIAMS","2006-02-14 22:04:36","72","5","2005-07-28 11:46:45"
"73","3","1","LINDA","WILLIAMS","2006-02-14 22:04:36","73","5","2005-07-28 18:17:14"
"74","3","1","LINDA","WILLIAMS","2006-02-14 22:04:36","74","3","2005-07-29 11:07:04"
"75","3","1","LINDA","WILLIAMS","2006-02-14 22:04:36","75","2","2005-07-30 13:31:20"
"76","3","1","LINDA","WILLIAMS","2006-02-14 22:04:36","76","4","2005-07-30 21:45:46"
"77","3","1","LINDA","WILLIAMS","2006-02-14 22:04:36","77","3","2005-07-31 03:27:58"
"78","3","1","LINDA","WILLIAMS","2006-02-14 22:04:36","78","5","2005-07-31 11:32:58"
"79","3","1","LINDA","WILLIAMS","2006-02-14 22:04:36","79","6","2005-08-01 14:19:48"
"80","3","1","LINDA","WILLIAMS","2006-02-14 22:04:36","80","5","2005-08-18 14:49:55"
"81","3","1","LINDA","WILLIAMS","2006-02-14 22:04:36","81","9","2005-08-19 22:18:07"
"82","3","1","LINDA","WILLIAMS","2006-02-14 22:04:36","82","3","2005-08-20 06:14:12"
"83","3","1","LINDA","WILLIAMS","2006-02-14 22:04:36","83","9","2005-08-21 20:50:48"
"84","3","1","LINDA","WILLIAMS","2006-02-14 22:04:36","84","1","2005-08-22 09:37:27"
"85","3","1","LINDA","WILLIAMS","2006-02-14 22:04:36","85","3","2005-08-23 07:10:14"
"86","5","1","ELIZABETH","BROWN","2006-02-14 22:04:36","108","1","2005-05-29 07:25:16"
"87","5","1","ELIZABETH","BROWN","2006-02-14 22:04:36","109","7","2005-05-31 11:15:43"
"88","5","1","ELIZABETH","BROWN","2006-02-14 22:04:36","110","2","2005-05-31 19:46:38"
"89","5","1","ELIZABETH","BROWN","2006-02-14 22:04:36","111","4","2005-06-15 22:03:14"
"90","5","1","ELIZABETH","BROWN","2006-02-14 22:04:36","112","3","2005-06-16 08:01:02"
"91","5","1","ELIZABETH","BROWN","2006-02-14 22:04:36","113","5","2005-06-17 15:56:53"
"92","5","1","ELIZABETH","BROWN","2006-02-14 22:04:36","114","3","2005-06-19 04:20:13"
"93","5","1","ELIZABETH","BROWN","2006-02-14 22:04:36","115","5","2005-06-20 18:38:22"
"94","5","1","ELIZABETH","BROWN","2006-02-14 22:04:36","116","5","2005-07-06 09:11:58"
"95","5","1","ELIZABETH","BROWN","2006-02-14 22:04:36","117","3","2005-07-08 20:04:43"
"96","5","1","ELIZABETH","BROWN","2006-02-14 22:04:36","118","5","2005-07-09 01:57:57"
"97","5","1","ELIZABETH","BROWN","2006-02-14 22:04:36","119","6","2005-07-09 07:13:52"
"98","5","1","ELIZABETH","BROWN","2006-02-14 22:04:36","120","2","2005-07-09 08:51:42"
"99","5","1","ELIZABETH","BROWN","2006-02-14 22:04:36","121","1","2005-07-10 11:09:35"
"100","5","1","ELIZABETH","BROWN","2006-02-14 22:04:36","122","9","2005-07-11 03:17:04"
"101","5","1","ELIZABETH","BROWN","2006-02-14 22:04:36","123","4","2005-07-12 11:27:35"
"102","5","1","ELIZABETH","BROWN","2006-02-14 22:04:36","124","5","2005-07-12 12:16:28"
"103","5","1","ELIZABETH","BROWN","2006-02-14 22:04:36","125","1","2005-07-27 12:37:28"
"104","5","1","ELIZABETH","BROWN","2006-02-14 22:04:36","126","1","2005-07-28 01:50:29"
"105","5","1","ELIZABETH","BROWN","2006-02-14 22:04:36","127","4","2005-07-28 08:43:39"
"106","5","1","ELIZABETH","BROWN","2006-02-14 22:04:36","128","3","2005-07-29 01:11:23"
"107","5","1","ELIZABETH","BROWN","2006-02-14 22:04:36","129","2","2005-07-30 04:14:28"
"108","5","1","ELIZABETH","BROWN","2006-02-14 22:04:36","130","5","2005-07-30 23:52:30"
"109","5","1","ELIZABETH","BROWN","2006-02-14 22:04:36","131","4","2005-07-31 14:00:53"
"110","5","1","ELIZABETH","BROWN","2006-02-14 22:04:36","132","5","2005-08-01 14:48:45"
"111","5","1","ELIZABETH","BROWN","2006-02-14 22:04:36","133","1","2005-08-01 15:27:10"
"112","5","1","ELIZABETH","BROWN","2006-02-14 22:04:36","134","5","2005-08-02 04:56:45"
"113","5","1","ELIZABETH","BROWN","2006-02-14 22:04:36","135","5","2005-08-02 10:50:06"
"114","5","1","ELIZABETH","BROWN","2006-02-14 22:04:36","136","4","2005-08-17 16:28:53"
"115","5","1","ELIZABETH","BROWN","2006-02-14 22:04:36","137","10","2005-08-18 00:10:04"
"116","5","1","ELIZABETH","BROWN","2006-02-14 22:04:36","138","3","2005-08-19 00:24:08"
"117","5","1","ELIZABETH","BROWN","2006-02-14 22:04:36","139","2","2005-08-19 09:45:41"
"118","5","1","ELIZABETH","BROWN","2006-02-14 22:04:36","140","1","2005-08-20 15:16:18"
"119","5","1","ELIZABETH","BROWN","2006-02-14 22:04:36","141","7","2005-08-20 22:13:59"
"120","5","1","ELIZABETH","BROWN","2006-02-14 22:04:36","142","7","2005-08-21 11:31:11"
"121","5","1","ELIZABETH","BROWN","2006-02-14 22:04:36","143","3","2005-08-21 14:02:50"
"122","5","1","ELIZABETH","BROWN","2006-02-14 22:04:36","144","1","2005-08-22 17:37:02"
"123","5","1","ELIZABETH","BROWN","2006-02-14 22:04:36","145","1","2006-02-14 15:16:03"
"124","7","1","MARIA","MILLER","2006-02-14 22:04:36","174","6","2005-05-25 06:04:08"
"125","7","1","MARIA","MILLER","2006-02-14 22:04:36","175","1","2005-05-25 19:30:46"
"126","7","1","MARIA","MILLER","2006-02-14 22:04:36","176","3","2005-05-29 09:27:00"
"127","7","1","MARIA","MILLER","2006-02-14 22:04:36","177","5","2005-05-30 21:07:15"
"128","7","1","MARIA","MILLER","2006-02-14 22:04:36","178","6","2005-05-31 08:44:29"
"129","7","1","MARIA","MILLER","2006-02-14 22:04:36","179","1","2005-06-16 21:06:00"
"130","7","1","MARIA","MILLER","2006-02-14 22:04:36","180","3","2005-06-18 05:03:36"
"131","7","1","MARIA","MILLER","2006-02-14 22:04:36","181","1","2005-06-19 14:00:26"
"132","7","1","MARIA","MILLER","2006-02-14 22:04:36","182","5","2005-06-20 01:50:56"
"133","7","1","MARIA","MILLER","2006-02-14 22:04:36","183","1","2005-06-20 10:11:53"
"134","7","1","MARIA","MILLER","2006-02-14 22:04:36","184","6","2005-07-06 07:09:17"
"135","7","1","MARIA","MILLER","2006-02-14 22:04:36","185","3","2005-07-07 13:22:20"
"136","7","1","MARIA","MILLER","2006-02-14 22:04:36","186","6","2005-07-08 16:16:04"
"137","7","1","MARIA","MILLER","2006-02-14 22:04:36","187","5","2005-07-08 18:47:38"
"138","7","1","MARIA","MILLER","2006-02-14 22:04:36","188","9","2005-07-09 21:52:05"
"139","7","1","MARIA","MILLER","2006-02-14 22:04:36","189","8","2005-07-10 21:35:12"
"140","7","1","MARIA","MILLER","2006-02-14 22:04:36","190","2","2005-07-11 10:36:28"
"141","7","1","MARIA","MILLER","2006-02-14 22:04:36","191","3","2005-07-11 17:30:58"
"142","7","1","MARIA","MILLER","2006-02-14 22:04:36","192","4","2005-07-12 15:17:42"
"143","7","1","MARIA","MILLER","2006-02-14 22:04:36","193","6","2005-07-29 07:02:55"
"144","7","1","MARIA","MILLER","2006-02-14 22:04:36","194","8","2005-07-31 04:30:03"
"145","7","1","MARIA","MILLER","2006-02-14 22:04:36","195","7","2005-08-01 04:57:04"
"146","7","1","MARIA","MILLER","2006-02-14 22:04:36","196","6","2005-08-01 08:19:53"
"147","7","1","MARIA","MILLER","2006-02-14 22:04:36","197","5","2005-08-01 11:39:26"
"148","7","1","MARIA","MILLER","2006-02-14 22:04:36","198","5","2005-08-01 15:52:00"
"149","7","1","MARIA","MILLER","2006-02-14 22:04:36","199","4","2005-08-02 04:40:54"
"150","7","1","MARIA","MILLER","2006-02-14 22:04:36","200","8","2005-08-17 00:51:32"
"151","7","1","MARIA","MILLER","2006-02-14 22:04:36","201","9","2005-08-18 07:57:14"
"152","7","1","MARIA","MILLER","2006-02-14 22:04:36","202","3","2005-08-18 21:55:01"
"153","7","1","MARIA","MILLER","2006-02-14 22:04:36","203","3","2005-08-19 21:23:31"
"154","7","1","MARIA","MILLER","2006-02-14 22:04:36","204","3","2005-08-20 01:06:04"
"155","7","1","MARIA","MILLER","2006-02-14 22:04:36","205","1","2005-08-20 05:53:31"
"156","7","1","MARIA","MILLER","2006-02-14 22:04:36","206","6","2005-08-21 04:49:48"
"157","10","1","DOROTHY","TAYLOR","2006-02-14 22:04:36","254","5","2005-05-31 19:36:30"
"158","10","1","DOROTHY","TAYLOR","2006-02-14 22:04:36","255","5","2005-06-16 20:21:53"
"159","10","1","DOROTHY","TAYLOR","2006-02-14 22:04:36","256","5","2005-06-17 11:11:14"
"160","10","1","DOROTHY","TAYLOR","2006-02-14 22:04:36","257","4","2005-06-18 03:26:23"
"161","10","1","DOROTHY","TAYLOR","2006-02-14 22:04:36","258","1","2005-06-19 20:01:59"
"162","10","1","DOROTHY","TAYLOR","2006-02-14 22:04:36","259","1","2005-06-20 00:00:55"
"163","10","1","DOROTHY","TAYLOR","2006-02-14 22:04:36","260","4","2005-07-06 14:13:45"
"164","10","1","DOROTHY","TAYLOR","2006-02-14 22:04:36","261","5","2005-07-07 03:06:40"
"165","10","1","DOROTHY","TAYLOR","2006-02-14 22:04:36","262","2","2005-07-07 14:14:13"
"166","10","1","DOROTHY","TAYLOR","2006-02-14 22:04:36","263","8","2005-07-09 03:12:52"
"167","10","1","DOROTHY","TAYLOR","2006-02-14 22:04:36","264","3","2005-07-09 04:53:18"
"168","10","1","DOROTHY","TAYLOR","2006-02-14 22:04:36","265","1","2005-07-09 21:58:57"
"169","10","1","DOROTHY","TAYLOR","2006-02-14 22:04:36","266","3","2005-07-10 20:41:09"
"170","10","1","DOROTHY","TAYLOR","2006-02-14 22:04:36","267","3","2005-07-28 05:21:42"
"171","10","1","DOROTHY","TAYLOR","2006-02-14 22:04:36","268","7","2005-07-28 15:10:55"
"172","10","1","DOROTHY","TAYLOR","2006-02-14 22:04:36","269","5","2005-07-28 22:34:12"
"173","10","1","DOROTHY","TAYLOR","2006-02-14 22:04:36","270","5","2005-07-31 15:27:07"
"174","10","1","DOROTHY","TAYLOR","2006-02-14 22:04:36","271","9","2005-08-01 17:09:59"
"175","10","1","DOROTHY","TAYLOR","2006-02-14 22:04:36","272","3","2005-08-02 14:55:00"
"176","10","1","DOROTHY","TAYLOR","2006-02-14 22:04:36","273","1","2005-08-02 19:13:39"
"177","10","1","DOROTHY","TAYLOR","2006-02-14 22:04:36","274","3","2005-08-17 20:11:35"
"178","10","1","DOROTHY","TAYLOR","2006-02-14 22:04:36","275","3","2005-08-18 09:19:12"
"179","10","1","DOROTHY","TAYLOR","2006-02-14 22:04:36","276","5","2005-08-19 19:23:30"
"180","10","1","DOROTHY","TAYLOR","2006-02-14 22:04:36","277","3","2005-08-20 16:43:28"
"181","10","1","DOROTHY","TAYLOR","2006-02-14 22:04:36","278","6","2005-08-22 21:59:29"
"182","12","1","NANCY","THOMAS","2006-02-14 22:04:36","303","5","2005-05-30 23:08:03"
"183","12","1","NANCY","THOMAS","2006-02-14 22:04:36","304","5","2005-05-31 11:10:17"
"184","12","1","NANCY","THOMAS","2006-02-14 22:04:36","305","6","2005-06-16 17:02:55"
"185","12","1","NANCY","THOMAS","2006-02-14 22:04:36","306","6","2005-06-18 18:11:51"
"186","12","1","NANCY","THOMAS","2006-02-14 22:04:36","307","6","2005-06-18 23:07:12"
"187","12","1","NANCY","THOMAS","2006-02-14 22:04:36","308","5","2005-06-19 08:11:51"
"188","12","1","NANCY","THOMAS","2006-02-14 22:04:36","309","3","2005-06-20 19:33:52"
"189","12","1","NANCY","THOMAS","2006-02-14 22:04:36","310","1","2005-06-21 16:31:27"
"190","12","1","NANCY","THOMAS","2006-02-14 22:04:36","311","4","2005-07-06 17:57:54"
"191","12","1","NANCY","THOMAS","2006-02-14 22:04:36","312","1","2005-07-09 05:00:39"
"192","12","1","NANCY","THOMAS","2006-02-14 22:04:36","313","1","2005-07-09 05:06:24"
"193","12","1","NANCY","THOMAS","2006-02-14 22:04:36","314","1","2005-07-09 07:02:19"
"194","12","1","NANCY","THOMAS","2006-02-14 22:04:36","315","4","2005-07-09 13:20:25"
"195","12","1","NANCY","THOMAS","2006-02-14 22:04:36","316","3","2005-07-12 15:55:39"
"196","12","1","NANCY","THOMAS","2006-02-14 22:04:36","317","1","2005-07-27 01:44:03"
"197","12","1","NANCY","THOMAS","2006-02-14 22:04:36","318","1","2005-07-27 11:50:47"
"198","12","1","NANCY","THOMAS","2006-02-14 22:04:36","319","1","2005-07-30 04:34:51"
"199","12","1","NANCY","THOMAS","2006-02-14 22:04:36","320","5","2005-07-30 11:26:28"
"200","12","1","NANCY","THOMAS","2006-02-14 22:04:36","321","6","2005-07-30 13:49:43"
"201","12","1","NANCY","THOMAS","2006-02-14 22:04:36","322","6","2005-07-31 04:42:46"
"202","12","1","NANCY","THOMAS","2006-02-14 22:04:36","323","6","2005-07-31 07:45:33"
"203","12","1","NANCY","THOMAS","2006-02-14 22:04:36","324","11","2005-08-01 06:50:26"
"204","12","1","NANCY","THOMAS","2006-02-14 22:04:36","325","1","2005-08-16 22:52:30"
"205","12","1","NANCY","THOMAS","2006-02-14 22:04:36","326","5","2005-08-18 16:58:48"
"206","12","1","NANCY","THOMAS","2006-02-14 22:04:36","327","1","2005-08-20 02:37:07"
"207","12","1","NANCY","THOMAS","2006-02-14 22:04:36","328","3","2005-08-20 15:58:28"
"208","12","1","NANCY","THOMAS","2006-02-14 22:04:36","329","5","2005-08-21 05:19:39"
"209","12","1","NANCY","THOMAS","2006-02-14 22:04:36","330","1","2005-08-23 20:28:44"
"210","15","1","HELEN","HARRIS","2006-02-14 22:04:36","386","3","2005-06-18 21:26:56"
"211","15","1","HELEN","HARRIS","2006-02-14 22:04:36","387","6","2005-06-20 05:15:37"
"212","15","1","HELEN","HARRIS","2006-02-14 22:04:36","388","1","2005-06-20 22:52:18"
"213","15","1","HELEN","HARRIS","2006-02-14 22:04:36","389","8","2005-07-06 02:29:21"
"214","15","1","HELEN","HARRIS","2006-02-14 22:04:36","390","6","2005-07-07 07:26:19"
"215","15","1","HELEN","HARRIS","2006-02-14 22:04:36","391","3","2005-07-10 11:02:03"
"216","15","1","HELEN","HARRIS","2006-02-14 22:04:36","392","3","2005-07-11 00:14:19"
"217","15","1","HELEN","HARRIS","2006-02-14 22:04:36","393","5","2005-07-27 05:15:37"
"218","15","1","HELEN","HARRIS","2006-02-14 22:04:36","394","1","2005-07-28 22:50:50"
"219","15","1","HELEN","HARRIS","2006-02-14 22:04:36","395","7","2005-07-29 13:36:01"
"220","15","1","HELEN","HARRIS","2006-02-14 22:04:36","396","5","2005-07-30 02:13:31"
"221","15","1","HELEN","HARRIS","2006-02-14 22:04:36","397","3","2005-07-31 17:22:35"
"222","15","1","HELEN","HARRIS","2006-02-14 22:04:36","398","3","2005-08-02 08:44:18"
"223","15","1","HELEN","HARRIS","2006-02-14 22:04:36","399","3","2005-08-02 09:29:11"
"224","15","1","HELEN","HARRIS","2006-02-14 22:04:36","400","3","2005-08-02 15:48:08"
"225","15","1","HELEN","HARRIS","2006-02-14 22:04:36","401","3","2005-08-02 17:09:24"
"226","15","1","HELEN","HARRIS","2006-02-14 22:04:36","402","8","2005-08-17 16:20:37"
"227","15","1","HELEN","HARRIS","2006-02-14 22:04:36","403","3","2005-08-18 04:39:10"
"228","15","1","HELEN","HARRIS","2006-02-14 22:04:36","404","3","2005-08-18 14:46:26"
"229","15","1","HELEN","HARRIS","2006-02-14 22:04:36","405","3","2005-08-18 18:00:23"
"230","15","1","HELEN","HARRIS","2006-02-14 22:04:36","406","9","2005-08-19 20:18:36"
"231","15","1","HELEN","HARRIS","2006-02-14 22:04:36","407","6","2005-08-19 22:03:46"
"232","15","1","HELEN","HARRIS","2006-02-14 22:04:36","408","6","2005-08-20 02:00:33"
"233","15","1","HELEN","HARRIS","2006-02-14 22:04:36","409","5","2005-08-20 03:41:41"
"234","15","1","HELEN","HARRIS","2006-02-14 22:04:36","410","4","2005-08-20 08:34:41"
"235","15","1","HELEN","HARRIS","2006-02-14 22:04:36","411","1","2005-08-21 16:31:22"
"236","15","1","HELEN","HARRIS","2006-02-14 22:04:36","412","5","2005-08-21 23:53:35"
"237","15","1","HELEN","HARRIS","2006-02-14 22:04:36","413","9","2005-08-22 03:23:41"
"238","15","1","HELEN","HARRIS","2006-02-14 22:04:36","414","1","2005-08-22 15:36:04"
"239","15","1","HELEN","HARRIS","2006-02-14 22:04:36","415","5","2005-08-23 17:12:31"
"240","15","1","HELEN","HARRIS","2006-02-14 22:04:36","416","4","2006-02-14 15:16:03"
"241","15","1","HELEN","HARRIS","2006-02-14 22:04:36","417","0","2006-02-14 15:16:03"
"242","17","1","DONNA","THOMPSON","2006-02-14 22:04:36","447","3","2005-05-26 19:44:54"
"243","17","1","DONNA","THOMPSON","2006-02-14 22:04:36","448","3","2005-05-28 11:19:53"
"244","17","1","DONNA","THOMPSON","2006-02-14 22:04:36","449","5","2005-05-30 06:41:32"
"245","17","1","DONNA","THOMPSON","2006-02-14 22:04:36","450","6","2005-06-18 00:17:58"
"246","17","1","DONNA","THOMPSON","2006-02-14 22:04:36","451","9","2005-06-19 12:29:08"
"247","17","1","DONNA","THOMPSON","2006-02-14 22:04:36","452","6","2005-06-21 05:06:30"
"248","17","1","DONNA","THOMPSON","2006-02-14 22:04:36","453","4","2005-07-10 10:46:57"
"249","17","1","DONNA","THOMPSON","2006-02-14 22:04:36","454","4","2005-07-10 19:25:21"
"250","17","1","DONNA","THOMPSON","2006-02-14 22:04:36","455","2","2005-07-12 20:52:41"
"251","17","1","DONNA","THOMPSON","2006-02-14 22:04:36","456","9","2005-07-28 17:45:58"
"252","17","1","DONNA","THOMPSON","2006-02-14 22:04:36","457","3","2005-07-28 23:37:33"
"253","17","1","DONNA","THOMPSON","2006-02-14 22:04:36","458","9","2005-07-30 08:30:56"
"254","17","1","DONNA","THOMPSON","2006-02-14 22:04:36","459","3","2005-07-30 10:11:52"
"255","17","1","DONNA","THOMPSON","2006-02-14 22:04:36","460","9","2005-07-30 19:23:44"
"256","17","1","DONNA","THOMPSON","2006-02-14 22:04:36","461","1","2005-07-30 23:43:32"
"257","17","1","DONNA","THOMPSON","2006-02-14 22:04:36","462","5","2005-08-17 18:26:22"
"258","17","1","DONNA","THOMPSON","2006-02-14 22:04:36","463","3","2005-08-20 10:24:41"
"259","17","1","DONNA","THOMPSON","2006-02-14 22:04:36","464","3","2005-08-20 21:43:44"
"260","17","1","DONNA","THOMPSON","2006-02-14 22:04:36","465","3","2005-08-21 08:15:41"
"261","17","1","DONNA","THOMPSON","2006-02-14 22:04:36","466","3","2005-08-21 08:42:26"
"262","17","1","DONNA","THOMPSON","2006-02-14 22:04:36","467","6","2005-08-23 12:41:38"
"263","19","1","RUTH","MARTINEZ","2006-02-14 22:04:36","490","1","2005-05-25 01:10:47"
"264","19","1","RUTH","MARTINEZ","2006-02-14 22:04:36","491","10","2005-05-25 18:43:49"
"265","19","1","RUTH","MARTINEZ","2006-02-14 22:04:36","492","7","2005-05-26 04:26:06"
"266","19","1","RUTH","MARTINEZ","2006-02-14 22:04:36","493","3","2005-05-27 03:22:30"
"267","19","1","RUTH","MARTINEZ","2006-02-14 22:04:36","494","3","2005-05-28 13:11:04"
"268","19","1","RUTH","MARTINEZ","2006-02-14 22:04:36","495","3","2005-05-29 01:59:10"
"269","19","1","RUTH","MARTINEZ","2006-02-14 22:04:36","496","3","2005-06-19 10:42:59"
"270","19","1","RUTH","MARTINEZ","2006-02-14 22:04:36","497","3","2005-06-19 22:55:37"
"271","19","1","RUTH","MARTINEZ","2006-02-14 22:04:36","498","3","2005-06-21 17:38:02"
"272","19","1","RUTH","MARTINEZ","2006-02-14 22:04:36","499","5","2005-07-06 02:24:55"
"273","19","1","RUTH","MARTINEZ","2006-02-14 22:04:36","500","5","2005-07-12 02:57:02"
"274","19","1","RUTH","MARTINEZ","2006-02-14 22:04:36","501","6","2005-07-30 11:06:23"
"275","19","1","RUTH","MARTINEZ","2006-02-14 22:04:36","502","1","2005-07-30 14:29:29"
"276","19","1","RUTH","MARTINEZ","2006-02-14 22:04:36","503","10","2005-07-31 20:01:06"
"277","19","1","RUTH","MARTINEZ","2006-02-14 22:04:36","504","8","2005-07-31 23:40:35"
"278","19","1","RUTH","MARTINEZ","2006-02-14 22:04:36","505","9","2005-08-16 23:27:36"
"279","19","1","RUTH","MARTINEZ","2006-02-14 22:04:36","506","6","2005-08-17 14:10:22"
"280","19","1","RUTH","MARTINEZ","2006-02-14 22:04:36","507","10","2005-08-18 02:31:18"
"281","19","1","RUTH","MARTINEZ","2006-02-14 22:04:36","508","3","2005-08-18 07:40:52"
"282","19","1","RUTH","MARTINEZ","2006-02-14 22:04:36","509","9","2005-08-20 09:53:44"
"283","19","1","RUTH","MARTINEZ","2006-02-14 22:04:36","510","9","2005-08-20 12:46:32"
"284","19","1","RUTH","MARTINEZ","2006-02-14 22:04:36","511","5","2005-08-21 00:33:03"
"285","19","1","RUTH","MARTINEZ","2006-02-14 22:04:36","512","3","2005-08-22 09:57:16"
"286","19","1","RUTH","MARTINEZ","2006-02-14 22:04:36","513","1","2005-08-23 03:46:47"
"287","21","1","MICHELLE","CLARK","2006-02-14 22:04:36","544","4","2005-05-26 15:42:20"
"288","21","1","MICHELLE","CLARK","2006-02-14 22:04:36","545","4","2005-05-27 20:11:47"
"289","21","1","MICHELLE","CLARK","2006-02-14 22:04:36","546","1","2005-05-28 10:15:04"
"290","21","1","MICHELLE","CLARK","2006-02-14 22:04:36","547","8","2005-06-18 04:08:50"
"291","21","1","MICHELLE","CLARK","2006-02-14 22:04:36","548","5","2005-06-18 06:13:41"
"292","21","1","MICHELLE","CLARK","2006-02-14 22:04:36","549","3","2005-06-18 15:37:55"
"293","21","1","MICHELLE","CLARK","2006-02-14 22:04:36","550","5","2005-06-19 21:14:33"
"294","21","1","MICHELLE","CLARK","2006-02-14 22:04:36","551","11","2005-06-21 01:04:35"
"295","21","1","MICHELLE","CLARK","2006-02-14 22:04:36","552","5","2005-07-09 06:42:32"
"296","21","1","MICHELLE","CLARK","2006-02-14 22:04:36","553","4","2005-07-10 13:27:40"
"297","21","1","MICHELLE","CLARK","2006-02-14 22:04:36","554","3","2005-07-10 23:43:23"
"298","21","1","MICHELLE","CLARK","2006-02-14 22:04:36","555","2","2005-07-26 23:28:13"
"299","21","1","MICHELLE","CLARK","2006-02-14 22:04:36","556","1","2005-07-28 14:56:54"
"300","21","1","MICHELLE","CLARK","2006-02-14 22:04:36","557","7","2005-07-28 22:56:11"
"301","21","1","MICHELLE","CLARK","2006-02-14 22:04:36","558","3","2005-07-29 23:49:23"
"302","21","1","MICHELLE","CLARK","2006-02-14 22:04:36","559","1","2005-07-30 10:45:12"
"303","21","1","MICHELLE","CLARK","2006-02-14 22:04:36","560","6","2005-07-31 07:29:25"
"304","21","1","MICHELLE","CLARK","2006-02-14 22:04:36","561","5","2005-08-01 13:23:06"
"305","21","1","MICHELLE","CLARK","2006-02-14 22:04:36","562","1","2005-08-01 19:28:47"
"306","21","1","MICHELLE","CLARK","2006-02-14 22:04:36","563","1","2005-08-02 07:10:57"
"307","21","1","MICHELLE","CLARK","2006-02-14 22:04:36","564","1","2005-08-17 17:53:09"
"308","21","1","MICHELLE","CLARK","2006-02-14 22:04:36","565","3","2005-08-17 23:34:16"
"309","21","1","MICHELLE","CLARK","2006-02-14 22:04:36","566","5","2005-08-18 19:07:23"
"310","21","1","MICHELLE","CLARK","2006-02-14 22:04:36","567","7","2005-08-18 23:34:22"
"311","21","1","MICHELLE","CLARK","2006-02-14 22:04:36","568","3","2005-08-19 21:37:57"
"312","21","1","MICHELLE","CLARK","2006-02-14 22:04:36","569","5","2005-08-19 22:09:28"
"313","21","1","MICHELLE","CLARK","2006-02-14 22:04:36","570","5","2005-08-19 22:43:38"
"314","21","1","MICHELLE","CLARK","2006-02-14 22:04:36","571","9","2005-08-20 00:50:54"
"315","21","1","MICHELLE","CLARK","2006-02-14 22:04:36","572","10","2005-08-20 09:26:14"
"316","21","1","MICHELLE","CLARK","2006-02-14 22:04:36","573","5","2005-08-20 10:48:43"
"317","21","1","MICHELLE","CLARK","2006-02-14 22:04:36","574","9","2005-08-20 23:24:07"
"318","21","1","MICHELLE","CLARK","2006-02-14 22:04:36","575","3","2005-08-21 02:51:59"
"319","21","1","MICHELLE","CLARK","2006-02-14 22:04:36","576","3","2005-08-21 12:10:41"
"320","21","1","MICHELLE","CLARK","2006-02-14 22:04:36","577","5","2005-08-22 03:20:26"
"321","21","1","MICHELLE","CLARK","2006-02-14 22:04:36","578","3","2006-02-14 15:16:03"
"322","22","1","LAURA","RODRIGUEZ","2006-02-14 22:04:36","579","5","2005-05-27 07:49:43"
"323","22","1","LAURA","RODRIGUEZ","2006-02-14 22:04:36","580","5","2005-05-28 08:31:36"
"324","22","1","LAURA","RODRIGUEZ","2006-02-14 22:04:36","581","9","2005-05-29 21:07:22"
"325","22","1","LAURA","RODRIGUEZ","2006-02-14 22:04:36","582","3","2005-06-21 17:18:01"
"326","22","1","LAURA","RODRIGUEZ","2006-02-14 22:04:36","583","3","2005-07-07 12:00:52"
"327","22","1","LAURA","RODRIGUEZ","2006-02-14 22:04:36","584","7","2005-07-09 15:23:42"
"328","22","1","LAURA","RODRIGUEZ","2006-02-14 22:04:36","585","3","2005-07-10 15:48:19"
"329","22","1","LAURA","RODRIGUEZ","2006-02-14 22:04:36","586","5","2005-07-27 04:42:08"
"330","22","1","LAURA","RODRIGUEZ","2006-02-14 22:04:36","587","8","2005-07-28 04:02:58"
"331","22","1","LAURA","RODRIGUEZ","2006-02-14 22:04:36","588","1","2005-07-30 20:38:05"
"332","22","1","LAURA","RODRIGUEZ","2006-02-14 22:04:36","589","5","2005-07-31 03:01:11"
"333","22","1","LAURA","RODRIGUEZ","2006-02-14 22:04:36","590","6","2005-08-17 19:54:54"
"334","22","1","LAURA","RODRIGUEZ","2006-02-14 22:04:36","591","3","2005-08-17 23:22:46"
"335","22","1","LAURA","RODRIGUEZ","2006-02-14 22:04:36","592","1","2005-08-19 00:42:24"
"336","22","1","LAURA","RODRIGUEZ","2006-02-14 22:04:36","593","10","2005-08-19 09:43:25"
"337","22","1","LAURA","RODRIGUEZ","2006-02-14 22:04:36","594","3","2005-08-20 22:18:53"
"338","22","1","LAURA","RODRIGUEZ","2006-02-14 22:04:36","595","7","2005-08-21 16:24:43"
"339","22","1","LAURA","RODRIGUEZ","2006-02-14 22:04:36","596","8","2005-08-22 13:18:25"
"340","22","1","LAURA","RODRIGUEZ","2006-02-14 22:04:36","597","7","2005-08-23 06:03:31"
"341","22","1","LAURA","RODRIGUEZ","2006-02-14 22:04:36","598","5","2005-08-23 08:48:43"
"342","22","1","LAURA","RODRIGUEZ","2006-02-14 22:04:36","599","5","2005-08-23 14:06:19"
"343","22","1","LAURA","RODRIGUEZ","2006-02-14 22:04:36","600","5","2006-02-14 15:16:03"
"344","25","1","DEBORAH","WALKER","2006-02-14 22:04:36","656","8","2005-05-25 14:31:25"
"345","25","1","DEBORAH","WALKER","2006-02-14 22:04:36","657","3","2005-05-31 04:50:07"
"346","25","1","DEBORAH","WALKER","2006-02-14 22:04:36","658","5","2005-06-15 12:17:34"
"347","25","1","DEBORAH","WALKER","2006-02-14 22:04:36","659","3","2005-06-15 14:09:55"
"348","25","1","DEBORAH","WALKER","2006-02-14 22:04:36","660","7","2005-06-16 17:13:23"
"349","25","1","DEBORAH","WALKER","2006-02-14 22:04:36","661","9","2005-06-19 08:23:11"
"350","25","1","DEBORAH","WALKER","2006-02-14 22:04:36","662","5","2005-06-20 02:41:28"
"351","25","1","DEBORAH","WALKER","2006-02-14 22:04:36","663","5","2005-06-21 20:53:31"
"352","25","1","DEBORAH","WALKER","2006-02-14 22:04:36","664","3","2005-07-07 15:26:31"
"353","25","1","DEBORAH","WALKER","2006-02-14 22:04:36","665","1","2005-07-07 17:50:27"
"354","25","1","DEBORAH","WALKER","2006-02-14 22:04:36","666","3","2005-07-07 21:31:53"
"355","25","1","DEBORAH","WALKER","2006-02-14 22:04:36","667","3","2005-07-10 19:19:43"
"356","25","1","DEBORAH","WALKER","2006-02-14 22:04:36","668","5","2005-07-12 11:06:17"
"357","25","1","DEBORAH","WALKER","2006-02-14 22:04:36","669","3","2005-07-12 22:02:18"
"358","25","1","DEBORAH","WALKER","2006-02-14 22:04:36","670","3","2005-07-29 15:40:57"
"359","25","1","DEBORAH","WALKER","2006-02-14 22:04:36","671","1","2005-07-30 00:15:57"
"360","25","1","DEBORAH","WALKER","2006-02-14 22:04:36","672","9","2005-07-30 10:12:01"
"361","25","1","DEBORAH","WALKER","2006-02-14 22:04:36","673","3","2005-07-30 17:56:38"
"362","25","1","DEBORAH","WALKER","2006-02-14 22:04:36","674","3","2005-07-31 14:59:37"
"363","25","1","DEBORAH","WALKER","2006-02-14 22:04:36","675","3","2005-07-31 20:49:13"
"364","25","1","DEBORAH","WALKER","2006-02-14 22:04:36","676","6","2005-08-01 04:49:06"
"365","25","1","DEBORAH","WALKER","2006-02-14 22:04:36","677","3","2005-08-02 00:12:32"
"366","25","1","DEBORAH","WALKER","2006-02-14 22:04:36","678","3","2005-08-02 02:05:59"
"367","25","1","DEBORAH","WALKER","2006-02-14 22:04:36","679","1","2005-08-17 04:48:05"
"368","25","1","DEBORAH","WALKER","2006-02-14 22:04:36","680","1","2005-08-19 04:48:48"
"369","25","1","DEBORAH","WALKER","2006-02-14 22:04:36","681","5","2005-08-21 03:38:27"
"370","25","1","DEBORAH","WALKER","2006-02-14 22:04:36","682","5","2005-08-21 05:13:16"
"371","25","1","DEBORAH","WALKER","2006-02-14 22:04:36","683","1","2005-08-23 02:57:30"
"372","25","1","DEBORAH","WALKER","2006-02-14 22:04:36","684","6","2005-08-23 20:00:30"
"373","28","1","CYNTHIA","YOUNG","2006-02-14 22:04:36","750","3","2005-05-27 10:37:27"
"374","28","1","CYNTHIA","YOUNG","2006-02-14 22:04:36","751","3","2005-05-30 04:19:55"
"375","28","1","CYNTHIA","YOUNG","2006-02-14 22:04:36","752","3","2005-06-15 04:58:07"
"376","28","1","CYNTHIA","YOUNG","2006-02-14 22:04:36","753","5","2005-06-16 01:24:08"
"377","28","1","CYNTHIA","YOUNG","2006-02-14 22:04:36","754","4","2005-06-18 08:18:52"
"378","28","1","CYNTHIA","YOUNG","2006-02-14 22:04:36","755","1","2005-06-19 06:30:10"
"379","28","1","CYNTHIA","YOUNG","2006-02-14 22:04:36","756","1","2005-06-21 02:25:00"
"380","28","1","CYNTHIA","YOUNG","2006-02-14 22:04:36","757","1","2005-07-06 16:38:14"
"381","28","1","CYNTHIA","YOUNG","2006-02-14 22:04:36","758","1","2005-07-08 11:45:35"
"382","28","1","CYNTHIA","YOUNG","2006-02-14 22:04:36","759","5","2005-07-08 22:58:21"
"383","28","1","CYNTHIA","YOUNG","2006-02-14 22:04:36","760","3","2005-07-10 07:21:27"
"384","28","1","CYNTHIA","YOUNG","2006-02-14 22:04:36","761","6","2005-07-10 15:49:12"
"385","28","1","CYNTHIA","YOUNG","2006-02-14 22:04:36","762","1","2005-07-11 02:49:01"
"386","28","1","CYNTHIA","YOUNG","2006-02-14 22:04:36","763","1","2005-07-12 01:37:48"
"387","28","1","CYNTHIA","YOUNG","2006-02-14 22:04:36","764","10","2005-07-27 23:07:40"
"388","28","1","CYNTHIA","YOUNG","2006-02-14 22:04:36","765","5","2005-07-29 08:18:20"
"389","28","1","CYNTHIA","YOUNG","2006-02-14 22:04:36","766","3","2005-07-30 01:07:12"
"390","28","1","CYNTHIA","YOUNG","2006-02-14 22:04:36","767","3","2005-07-31 01:44:51"
"391","28","1","CYNTHIA","YOUNG","2006-02-14 22:04:36","768","5","2005-07-31 03:22:30"
"392","28","1","CYNTHIA","YOUNG","2006-02-14 22:04:36","769","5","2005-07-31 07:40:33"
"393","28","1","CYNTHIA","YOUNG","2006-02-14 22:04:36","770","3","2005-07-31 21:14:02"
"394","28","1","CYNTHIA","YOUNG","2006-02-14 22:04:36","771","7","2005-08-01 03:48:12"
"395","28","1","CYNTHIA","YOUNG","2006-02-14 22:04:36","772","3","2005-08-02 20:32:55"
"396","28","1","CYNTHIA","YOUNG","2006-02-14 22:04:36","773","4","2005-08-17 13:44:49"
"397","28","1","CYNTHIA","YOUNG","2006-02-14 22:04:36","774","3","2005-08-18 01:54:44"
"398","28","1","CYNTHIA","YOUNG","2006-02-14 22:04:36","775","1","2005-08-18 07:44:05"
"399","28","1","CYNTHIA","YOUNG","2006-02-14 22:04:36","776","3","2005-08-18 20:59:17"
"400","28","1","CYNTHIA","YOUNG","2006-02-14 22:04:36","777","5","2005-08-20 12:11:03"
"401","28","1","CYNTHIA","YOUNG","2006-02-14 22:04:36","778","3","2005-08-21 15:34:23"
"402","28","1","CYNTHIA","YOUNG","2006-02-14 22:04:36","779","5","2005-08-23 00:48:29"
"403","28","1","CYNTHIA","YOUNG","2006-02-14 22:04:36","780","3","2005-08-23 02:08:40"
"404","28","1","CYNTHIA","YOUNG","2006-02-14 22:04:36","781","3","2006-02-14 15:16:03"
"405","30","1","MELISSA","KING","2006-02-14 22:04:36","818","2","2005-06-17 02:39:20"
"406","30","1","MELISSA","KING","2006-02-14 22:04:36","819","3","2005-06-17 04:25:12"
"407","30","1","MELISSA","KING","2006-02-14 22:04:36","820","5","2005-06-17 22:59:42"
"408","30","1","MELISSA","KING","2006-02-14 22:04:36","821","3","2005-06-19 15:10:09"
"409","30","1","MELISSA","KING","2006-02-14 22:04:36","822","5","2005-07-06 22:23:02"
"410","30","1","MELISSA","KING","2006-02-14 22:04:36","823","3","2005-07-08 00:21:29"
"411","30","1","MELISSA","KING","2006-02-14 22:04:36","824","3","2005-07-08 09:13:28"
"412","30","1","MELISSA","KING","2006-02-14 22:04:36","825","6","2005-07-09 02:34:45"
"413","30","1","MELISSA","KING","2006-02-14 22:04:36","826","10","2005-07-09 06:44:30"
"414","30","1","MELISSA","KING","2006-02-14 22:04:36","827","1","2005-07-09 15:14:08"
"415","30","1","MELISSA","KING","2006-02-14 22:04:36","828","8","2005-07-11 00:08:54"
"416","30","1","MELISSA","KING","2006-02-14 22:04:36","829","1","2005-07-11 15:02:02"
"417","30","1","MELISSA","KING","2006-02-14 22:04:36","830","3","2005-07-11 21:06:17"
"418","30","1","MELISSA","KING","2006-02-14 22:04:36","831","3","2005-07-27 16:03:08"
"419","30","1","MELISSA","KING","2006-02-14 22:04:36","832","5","2005-07-28 06:45:23"
"420","30","1","MELISSA","KING","2006-02-14 22:04:36","833","5","2005-07-28 16:12:53"
"421","30","1","MELISSA","KING","2006-02-14 22:04:36","834","5","2005-07-28 16:32:55"
"422","30","1","MELISSA","KING","2006-02-14 22:04:36","835","5","2005-07-28 18:09:48"
"423","30","1","MELISSA","KING","2006-02-14 22:04:36","836","3","2005-07-29 14:37:30"
"424","30","1","MELISSA","KING","2006-02-14 22:04:36","837","3","2005-07-30 16:55:53"
"425","30","1","MELISSA","KING","2006-02-14 22:04:36","838","1","2005-07-31 02:04:58"
"426","30","1","MELISSA","KING","2006-02-14 22:04:36","839","1","2005-07-31 05:33:48"
"427","30","1","MELISSA","KING","2006-02-14 22:04:36","840","3","2005-07-31 17:40:35"
"428","30","1","MELISSA","KING","2006-02-14 22:04:36","841","7","2005-08-01 01:57:48"
"429","30","1","MELISSA","KING","2006-02-14 22:04:36","842","3","2005-08-18 03:27:11"
"430","30","1","MELISSA","KING","2006-02-14 22:04:36","843","3","2005-08-18 14:29:37"
"431","30","1","MELISSA","KING","2006-02-14 22:04:36","844","1","2005-08-18 22:58:34"
"432","30","1","MELISSA","KING","2006-02-14 22:04:36","845","1","2005-08-19 23:35:44"
"433","30","1","MELISSA","KING","2006-02-14 22:04:36","846","5","2005-08-20 08:50:39"
"434","30","1","MELISSA","KING","2006-02-14 22:04:36","847","1","2005-08-21 08:37:15"
"435","30","1","MELISSA","KING","2006-02-14 22:04:36","848","3","2005-08-21 17:18:33"
"436","30","1","MELISSA","KING","2006-02-14 22:04:36","849","5","2005-08-22 10:39:51"
"437","30","1","MELISSA","KING","2006-02-14 22:04:36","850","5","2005-08-23 04:17:56"
"438","30","1","MELISSA","KING","2006-02-14 22:04:36","851","3","2005-08-23 15:17:14"
"439","32","1","AMY","LOPEZ","2006-02-14 22:04:36","878","5","2005-05-27 23:00:25"
"440","32","1","AMY","LOPEZ","2006-02-14 22:04:36","879","5","2005-05-29 17:52:30"
"441","32","1","AMY","LOPEZ","2006-02-14 22:04:36","880","5","2005-05-31 09:12:13"
"442","32","1","AMY","LOPEZ","2006-02-14 22:04:36","881","7","2005-06-17 03:53:18"
"443","32","1","AMY","LOPEZ","2006-02-14 22:04:36","882","1","2005-06-17 23:39:11"
"444","32","1","AMY","LOPEZ","2006-02-14 22:04:36","883","6","2005-06-19 08:22:09"
"445","32","1","AMY","LOPEZ","2006-02-14 22:04:36","884","2","2005-06-20 02:02:05"
"446","32","1","AMY","LOPEZ","2006-02-14 22:04:36","885","3","2005-07-06 00:11:13"
"447","32","1","AMY","LOPEZ","2006-02-14 22:04:36","886","3","2005-07-07 22:48:34"
"448","32","1","AMY","LOPEZ","2006-02-14 22:04:36","887","3","2005-07-08 15:33:32"
"449","32","1","AMY","LOPEZ","2006-02-14 22:04:36","888","1","2005-07-08 20:37:11"
"450","32","1","AMY","LOPEZ","2006-02-14 22:04:36","889","10","2005-07-09 15:57:15"
"451","32","1","AMY","LOPEZ","2006-02-14 22:04:36","890","1","2005-07-10 13:13:18"
"452","32","1","AMY","LOPEZ","2006-02-14 22:04:36","891","3","2005-07-10 23:22:01"
"453","32","1","AMY","LOPEZ","2006-02-14 22:04:36","892","4","2005-07-11 07:58:07"
"454","32","1","AMY","LOPEZ","2006-02-14 22:04:36","893","3","2005-07-12 00:49:05"
"455","32","1","AMY","LOPEZ","2006-02-14 22:04:36","894","7","2005-07-27 04:34:07"
"456","32","1","AMY","LOPEZ","2006-02-14 22:04:36","895","6","2005-07-27 23:23:36"
"457","32","1","AMY","LOPEZ","2006-02-14 22:04:36","896","3","2005-07-28 07:26:14"
"458","32","1","AMY","LOPEZ","2006-02-14 22:04:36","897","6","2005-07-29 05:52:26"
"459","32","1","AMY","LOPEZ","2006-02-14 22:04:36","898","3","2005-07-29 07:46:29"
"460","32","1","AMY","LOPEZ","2006-02-14 22:04:36","899","3","2005-07-30 01:42:03"
"461","32","1","AMY","LOPEZ","2006-02-14 22:04:36","900","5","2005-08-02 09:22:25"
"462","32","1","AMY","LOPEZ","2006-02-14 22:04:36","901","5","2005-08-17 12:54:47"
"463","32","1","AMY","LOPEZ","2006-02-14 22:04:36","902","10","2005-08-18 09:50:40"
"464","32","1","AMY","LOPEZ","2006-02-14 22:04:36","903","9","2005-08-20 10:31:23"
"465","32","1","AMY","LOPEZ","2006-02-14 22:04:36","904","2","2005-08-20 17:16:10"
"466","32","1","AMY","LOPEZ","2006-02-14 22:04:36","905","1","2005-08-20 23:18:54"
"467","32","1","AMY","LOPEZ","2006-02-14 22:04:36","906","6","2005-08-21 16:32:32"
"468","37","1","PAMELA","BAKER","2006-02-14 22:04:36","1011","1","2005-05-25 03:21:20"
"469","37","1","PAMELA","BAKER","2006-02-14 22:04:36","1012","3","2005-05-30 11:58:50"
"470","37","1","PAMELA","BAKER","2006-02-14 22:04:36","1013","5","2005-06-16 04:44:23"
"471","37","1","PAMELA","BAKER","2006-02-14 22:04:36","1014","2","2005-06-16 21:08:46"
"472","37","1","PAMELA","BAKER","2006-02-14 22:04:36","1015","4","2005-06-17 00:43:57"
"473","37","1","PAMELA","BAKER","2006-02-14 22:04:36","1016","8","2005-07-05 22:56:33"
"474","37","1","PAMELA","BAKER","2006-02-14 22:04:36","1017","6","2005-07-06 11:40:27"
"475","37","1","PAMELA","BAKER","2006-02-14 22:04:36","1018","6","2005-07-09 21:02:26"
"476","37","1","PAMELA","BAKER","2006-02-14 22:04:36","1019","1","2005-07-28 12:45:47"
"477","37","1","PAMELA","BAKER","2006-02-14 22:04:36","1020","10","2005-07-29 06:54:48"
"478","37","1","PAMELA","BAKER","2006-02-14 22:04:36","1021","6","2005-07-31 02:36:11"
"479","37","1","PAMELA","BAKER","2006-02-14 22:04:36","1022","3","2005-08-01 12:22:41"
"480","37","1","PAMELA","BAKER","2006-02-14 22:04:36","1023","4","2005-08-02 10:39:43"
"481","37","1","PAMELA","BAKER","2006-02-14 22:04:36","1024","8","2005-08-19 09:21:10"
"482","37","1","PAMELA","BAKER","2006-02-14 22:04:36","1025","5","2005-08-19 12:55:09"
"483","37","1","PAMELA","BAKER","2006-02-14 22:04:36","1026","1","2005-08-20 00:00:24"
"484","37","1","PAMELA","BAKER","2006-02-14 22:04:36","1027","4","2005-08-20 01:33:36"
"485","37","1","PAMELA","BAKER","2006-02-14 22:04:36","1028","9","2005-08-20 21:19:36"
"486","37","1","PAMELA","BAKER","2006-02-14 22:04:36","1029","1","2005-08-20 23:42:46"
"487","37","1","PAMELA","BAKER","2006-02-14 22:04:36","1030","3","2005-08-21 15:15:03"
"488","37","1","PAMELA","BAKER","2006-02-14 22:04:36","1031","4","2005-08-22 09:03:44"
"489","37","1","PAMELA","BAKER","2006-02-14 22:04:36","1032","1","2005-08-23 17:32:19"
"490","37","1","PAMELA","BAKER","2006-02-14 22:04:36","1033","1","2005-08-23 22:08:04"
"491","38","1","MARTHA","GONZALEZ","2006-02-14 22:04:36","1034","3","2005-06-15 05:55:40"
"492","38","1","MARTHA","GONZALEZ","2006-02-14 22:04:36","1035","2","2005-06-19 02:49:55"
"493","38","1","MARTHA","GONZALEZ","2006-02-14 22:04:36","1036","2","2005-06-19 06:48:01"
"494","38","1","MARTHA","GONZALEZ","2006-02-14 22:04:36","1037","5","2005-06-20 10:00:51"
"495","38","1","MARTHA","GONZALEZ","2006-02-14 22:04:36","1038","4","2005-06-21 15:12:44"
"496","38","1","MARTHA","GONZALEZ","2006-02-14 22:04:36","1039","6","2005-07-07 11:23:48"
"497","38","1","MARTHA","GONZALEZ","2006-02-14 22:04:36","1040","2","2005-07-07 12:42:02"
"498","38","1","MARTHA","GONZALEZ","2006-02-14 22:04:36","1041","5","2005-07-07 16:36:16"
"499","38","1","MARTHA","GONZALEZ","2006-02-14 22:04:36","1042","5","2005-07-08 09:14:29"
"500","38","1","MARTHA","GONZALEZ","2006-02-14 22:04:36","1043","3","2005-07-09 14:31:24"
"501","38","1","MARTHA","GONZALEZ","2006-02-14 22:04:36","1044","3","2005-07-09 22:46:14"
"502","38","1","MARTHA","GONZALEZ","2006-02-14 22:04:36","1045","3","2005-07-10 16:10:39"
"503","38","1","MARTHA","GONZALEZ","2006-02-14 22:04:36","1046","6","2005-07-12 19:59:25"
"504","38","1","MARTHA","GONZALEZ","2006-02-14 22:04:36","1047","1","2005-07-27 00:10:49"
"505","38","1","MARTHA","GONZALEZ","2006-02-14 22:04:36","1048","5","2005-07-27 07:23:58"
"506","38","1","MARTHA","GONZALEZ","2006-02-14 22:04:36","1049","6","2005-07-27 07:36:11"
"507","38","1","MARTHA","GONZALEZ","2006-02-14 22:04:36","1050","6","2005-07-27 13:33:38"
"508","38","1","MARTHA","GONZALEZ","2006-02-14 22:04:36","1051","1","2005-07-28 07:28:16"
"509","38","1","MARTHA","GONZALEZ","2006-02-14 22:04:36","1052","4","2005-07-30 02:08:58"
"510","38","1","MARTHA","GONZALEZ","2006-02-14 22:04:36","1053","1","2005-07-30 13:11:19"
"511","38","1","MARTHA","GONZALEZ","2006-02-14 22:04:36","1054","1","2005-07-30 15:25:19"
"512","38","1","MARTHA","GONZALEZ","2006-02-14 22:04:36","1055","5","2005-07-31 04:21:08"
"513","38","1","MARTHA","GONZALEZ","2006-02-14 22:04:36","1056","3","2005-07-31 21:08:33"
"514","38","1","MARTHA","GONZALEZ","2006-02-14 22:04:36","1057","7","2005-08-01 11:53:12"
"515","38","1","MARTHA","GONZALEZ","2006-02-14 22:04:36","1058","4","2005-08-02 06:15:40"
"516","38","1","MARTHA","GONZALEZ","2006-02-14 22:04:36","1059","3","2005-08-02 17:13:26"
"517","38","1","MARTHA","GONZALEZ","2006-02-14 22:04:36","1060","5","2005-08-17 12:20:01"
"518","38","1","MARTHA","GONZALEZ","2006-02-14 22:04:36","1061","1","2005-08-17 22:28:15"
"519","38","1","MARTHA","GONZALEZ","2006-02-14 22:04:36","1062","2","2005-08-18 01:45:50"
"520","38","1","MARTHA","GONZALEZ","2006-02-14 22:04:36","1063","5","2005-08-21 16:03:01"
"521","38","1","MARTHA","GONZALEZ","2006-02-14 22:04:36","1064","3","2005-08-21 18:48:06"
"522","38","1","MARTHA","GONZALEZ","2006-02-14 22:04:36","1065","7","2005-08-22 00:25:59"
"523","38","1","MARTHA","GONZALEZ","2006-02-14 22:04:36","1066","3","2005-08-23 09:02:04"
"524","38","1","MARTHA","GONZALEZ","2006-02-14 22:04:36","1067","6","2005-08-23 11:55:50"
"525","39","1","DEBRA","NELSON","2006-02-14 22:04:36","1068","6","2005-06-16 07:49:08"
"526","39","1","DEBRA","NELSON","2006-02-14 22:04:36","1069","5","2005-06-17 04:51:43"
"527","39","1","DEBRA","NELSON","2006-02-14 22:04:36","1070","1","2005-06-17 21:14:02"
"528","39","1","DEBRA","NELSON","2006-02-14 22:04:36","1071","5","2005-06-18 18:35:04"
"529","39","1","DEBRA","NELSON","2006-02-14 22:04:36","1072","5","2005-06-19 08:49:53"
"530","39","1","DEBRA","NELSON","2006-02-14 22:04:36","1073","5","2005-06-20 01:06:34"
"531","39","1","DEBRA","NELSON","2006-02-14 22:04:36","1074","6","2005-07-07 22:06:24"
"532","39","1","DEBRA","NELSON","2006-02-14 22:04:36","1075","9","2005-07-08 11:07:59"
"533","39","1","DEBRA","NELSON","2006-02-14 22:04:36","1076","7","2005-07-08 12:10:50"
"534","39","1","DEBRA","NELSON","2006-02-14 22:04:36","1077","8","2005-07-08 12:54:15"
"535","39","1","DEBRA","NELSON","2006-02-14 22:04:36","1078","5","2005-07-09 22:22:10"
"536","39","1","DEBRA","NELSON","2006-02-14 22:04:36","1079","3","2005-07-10 01:12:44"
"537","39","1","DEBRA","NELSON","2006-02-14 22:04:36","1080","3","2005-07-11 03:21:05"
"538","39","1","DEBRA","NELSON","2006-02-14 22:04:36","1081","7","2005-07-29 03:18:34"
"539","39","1","DEBRA","NELSON","2006-02-14 22:04:36","1082","2","2005-07-29 05:11:14"
"540","39","1","DEBRA","NELSON","2006-02-14 22:04:36","1083","8","2005-07-29 18:03:47"
"541","39","1","DEBRA","NELSON","2006-02-14 22:04:36","1084","3","2005-07-29 21:29:58"
"542","39","1","DEBRA","NELSON","2006-02-14 22:04:36","1085","2","2005-07-30 21:24:22"
"543","39","1","DEBRA","NELSON","2006-02-14 22:04:36","1086","5","2005-07-31 06:00:21"
"544","39","1","DEBRA","NELSON","2006-02-14 22:04:36","1087","5","2005-07-31 19:15:13"
"545","39","1","DEBRA","NELSON","2006-02-14 22:04:36","1088","1","2005-07-31 21:36:07"
"546","39","1","DEBRA","NELSON","2006-02-14 22:04:36","1089","5","2005-08-01 02:39:12"
"547","39","1","DEBRA","NELSON","2006-02-14 22:04:36","1090","5","2005-08-01 03:09:26"
"548","39","1","DEBRA","NELSON","2006-02-14 22:04:36","1091","1","2005-08-01 15:34:46"
"549","39","1","DEBRA","NELSON","2006-02-14 22:04:36","1092","10","2005-08-01 15:44:43"
"550","39","1","DEBRA","NELSON","2006-02-14 22:04:36","1093","1","2005-08-18 04:26:54"
"551","39","1","DEBRA","NELSON","2006-02-14 22:04:36","1094","5","2005-08-18 11:25:11"
"552","39","1","DEBRA","NELSON","2006-02-14 22:04:36","1095","8","2005-08-19 11:01:54"
"553","39","1","DEBRA","NELSON","2006-02-14 22:04:36","1096","6","2005-08-22 12:51:38"
"554","41","1","STEPHANIE","MITCHELL","2006-02-14 22:04:36","1124","5","2005-06-19 03:24:17"
"555","41","1","STEPHANIE","MITCHELL","2006-02-14 22:04:36","1125","8","2005-06-21 03:10:01"
"556","41","1","STEPHANIE","MITCHELL","2006-02-14 22:04:36","1126","3","2005-07-06 15:52:03"
"557","41","1","STEPHANIE","MITCHELL","2006-02-14 22:04:36","1127","10","2005-07-07 15:56:23"
"558","41","1","STEPHANIE","MITCHELL","2006-02-14 22:04:36","1128","5","2005-07-08 04:06:55"
"559","41","1","STEPHANIE","MITCHELL","2006-02-14 22:04:36","1129","3","2005-07-08 05:49:14"
"560","41","1","STEPHANIE","MITCHELL","2006-02-14 22:04:36","1130","5","2005-07-27 00:40:01"
"561","41","1","STEPHANIE","MITCHELL","2006-02-14 22:04:36","1131","5","2005-07-27 07:15:38"
"562","41","1","STEPHANIE","MITCHELL","2006-02-14 22:04:36","1132","2","2005-07-27 20:57:07"
"563","41","1","STEPHANIE","MITCHELL","2006-02-14 22:04:36","1133","7","2005-07-28 15:25:55"
"564","41","1","STEPHANIE","MITCHELL","2006-02-14 22:04:36","1134","1","2005-07-28 18:34:20"
"565","41","1","STEPHANIE","MITCHELL","2006-02-14 22:04:36","1135","7","2005-07-28 20:01:23"
"566","41","1","STEPHANIE","MITCHELL","2006-02-14 22:04:36","1136","3","2005-07-28 23:59:29"
"567","41","1","STEPHANIE","MITCHELL","2006-02-14 22:04:36","1137","3","2005-07-29 17:30:06"
"568","41","1","STEPHANIE","MITCHELL","2006-02-14 22:04:36","1138","6","2005-07-30 16:59:43"
"569","41","1","STEPHANIE","MITCHELL","2006-02-14 22:04:36","1139","3","2005-07-31 19:27:02"
"570","41","1","STEPHANIE","MITCHELL","2006-02-14 22:04:36","1140","8","2005-07-31 23:27:31"
"571","41","1","STEPHANIE","MITCHELL","2006-02-14 22:04:36","1141","5","2005-08-01 10:45:51"
"572","41","1","STEPHANIE","MITCHELL","2006-02-14 22:04:36","1142","6","2005-08-02 00:00:54"
"573","41","1","STEPHANIE","MITCHELL","2006-02-14 22:04:36","1143","3","2005-08-18 00:10:20"
"574","41","1","STEPHANIE","MITCHELL","2006-02-14 22:04:36","1144","4","2005-08-18 01:08:34"
"575","41","1","STEPHANIE","MITCHELL","2006-02-14 22:04:36","1145","1","2005-08-19 01:07:02"
"576","41","1","STEPHANIE","MITCHELL","2006-02-14 22:04:36","1146","8","2005-08-21 15:29:47"
"577","41","1","STEPHANIE","MITCHELL","2006-02-14 22:04:36","1147","5","2005-08-23 16:08:40"
"578","41","1","STEPHANIE","MITCHELL","2006-02-14 22:04:36","1148","3","2006-02-14 15:16:03"
"579","44","1","MARIE","TURNER","2006-02-14 22:04:36","1203","1","2005-05-25 03:47:12"
"580","44","1","MARIE","TURNER","2006-02-14 22:04:36","1204","5","2005-05-25 16:50:20"
"581","44","1","MARIE","TURNER","2006-02-14 22:04:36","1205","3","2005-05-27 13:57:38"
"582","44","1","MARIE","TURNER","2006-02-14 22:04:36","1206","1","2005-05-29 05:28:47"
"583","44","1","MARIE","TURNER","2006-02-14 22:04:36","1207","3","2005-05-30 10:19:42"
"584","44","1","MARIE","TURNER","2006-02-14 22:04:36","1208","4","2005-06-15 21:56:39"
"585","44","1","MARIE","TURNER","2006-02-14 22:04:36","1209","3","2005-06-18 14:25:29"
"586","44","1","MARIE","TURNER","2006-02-14 22:04:36","1210","4","2005-06-19 19:40:27"
"587","44","1","MARIE","TURNER","2006-02-14 22:04:36","1211","5","2005-06-20 00:01:36"
"588","44","1","MARIE","TURNER","2006-02-14 22:04:36","1212","1","2005-07-07 20:59:06"
"589","44","1","MARIE","TURNER","2006-02-14 22:04:36","1213","10","2005-07-08 12:44:59"
"590","44","1","MARIE","TURNER","2006-02-14 22:04:36","1214","4","2005-07-10 03:01:09"
"591","44","1","MARIE","TURNER","2006-02-14 22:04:36","1215","9","2005-07-10 14:08:49"
"592","44","1","MARIE","TURNER","2006-02-14 22:04:36","1216","7","2005-07-10 17:32:33"
"593","44","1","MARIE","TURNER","2006-02-14 22:04:36","1217","5","2005-07-10 20:46:13"
"594","44","1","MARIE","TURNER","2006-02-14 22:04:36","1218","1","2005-07-27 20:51:49"
"595","44","1","MARIE","TURNER","2006-02-14 22:04:36","1219","7","2005-07-27 21:13:47"
"596","44","1","MARIE","TURNER","2006-02-14 22:04:36","1220","5","2005-07-29 20:05:38"
"597","44","1","MARIE","TURNER","2006-02-14 22:04:36","1221","5","2005-07-29 23:58:19"
"598","44","1","MARIE","TURNER","2006-02-14 22:04:36","1222","3","2005-08-02 17:53:36"
"599","44","1","MARIE","TURNER","2006-02-14 22:04:36","1223","4","2005-08-18 07:16:58"
"600","44","1","MARIE","TURNER","2006-02-14 22:04:36","1224","5","2005-08-18 13:17:07"
"601","44","1","MARIE","TURNER","2006-02-14 22:04:36","1225","7","2005-08-19 00:16:54"
"602","44","1","MARIE","TURNER","2006-02-14 22:04:36","1226","5","2005-08-19 07:06:34"
"603","44","1","MARIE","TURNER","2006-02-14 22:04:36","1227","3","2005-08-22 10:14:33"
"604","44","1","MARIE","TURNER","2006-02-14 22:04:36","1228","5","2006-02-14 15:16:03"
"605","45","1","JANET","PHILLIPS","2006-02-14 22:04:36","1229","3","2005-05-26 17:32:11"
"606","45","1","JANET","PHILLIPS","2006-02-14 22:04:36","1230","5","2005-06-16 20:41:57"
"607","45","1","JANET","PHILLIPS","2006-02-14 22:04:36","1231","3","2005-06-17 09:45:30"
"608","45","1","JANET","PHILLIPS","2006-02-14 22:04:36","1232","5","2005-06-19 14:55:17"
"609","45","1","JANET","PHILLIPS","2006-02-14 22:04:36","1233","4","2005-06-21 15:11:02"
"610","45","1","JANET","PHILLIPS","2006-02-14 22:04:36","1234","1","2005-06-21 20:39:39"
"611","45","1","JANET","PHILLIPS","2006-02-14 22:04:36","1235","1","2005-07-08 18:27:28"
"612","45","1","JANET","PHILLIPS","2006-02-14 22:04:36","1236","7","2005-07-09 10:07:27"
"613","45","1","JANET","PHILLIPS","2006-02-14 22:04:36","1237","8","2005-07-09 20:11:49"
"614","45","1","JANET","PHILLIPS","2006-02-14 22:04:36","1238","1","2005-07-10 06:31:37"
"615","45","1","JANET","PHILLIPS","2006-02-14 22:04:36","1239","1","2005-07-11 01:24:44"
"616","45","1","JANET","PHILLIPS","2006-02-14 22:04:36","1240","3","2005-07-11 01:27:49"
"617","45","1","JANET","PHILLIPS","2006-02-14 22:04:36","1241","10","2005-07-27 00:15:35"
"618","45","1","JANET","PHILLIPS","2006-02-14 22:04:36","1242","3","2005-07-27 17:39:12"
"619","45","1","JANET","PHILLIPS","2006-02-14 22:04:36","1243","4","2005-07-28 13:47:21"
"620","45","1","JANET","PHILLIPS","2006-02-14 22:04:36","1244","3","2005-08-01 11:22:20"
"621","45","1","JANET","PHILLIPS","2006-02-14 22:04:36","1245","7","2005-08-02 00:33:12"
"622","45","1","JANET","PHILLIPS","2006-02-14 22:04:36","1246","9","2005-08-02 05:04:18"
"623","45","1","JANET","PHILLIPS","2006-02-14 22:04:36","1247","5","2005-08-02 05:51:10"
"624","45","1","JANET","PHILLIPS","2006-02-14 22:04:36","1248","3","2005-08-02 22:28:22"
"625","45","1","JANET","PHILLIPS","2006-02-14 22:04:36","1249","4","2005-08-02 22:35:15"
"626","45","1","JANET","PHILLIPS","2006-02-14 22:04:36","1250","3","2005-08-17 08:09:00"
"627","45","1","JANET","PHILLIPS","2006-02-14 22:04:36","1251","4","2005-08-19 20:18:39"
"628","45","1","JANET","PHILLIPS","2006-02-14 22:04:36","1252","5","2005-08-19 22:05:19"
"629","45","1","JANET","PHILLIPS","2006-02-14 22:04:36","1253","7","2005-08-21 16:52:03"
"630","45","1","JANET","PHILLIPS","2006-02-14 22:04:36","1254","11","2005-08-23 14:47:26"
"631","45","1","JANET","PHILLIPS","2006-02-14 22:04:36","1255","8","2005-08-23 22:13:04"
"632","47","1","FRANCES","PARKER","2006-02-14 22:04:36","1290","4","2005-05-26 03:46:26"
"633","47","1","FRANCES","PARKER","2006-02-14 22:04:36","1291","5","2005-05-26 08:04:38"
"634","47","1","FRANCES","PARKER","2006-02-14 22:04:36","1292","7","2005-05-26 20:57:00"
"635","47","1","FRANCES","PARKER","2006-02-14 22:04:36","1293","5","2005-06-17 03:17:21"
"636","47","1","FRANCES","PARKER","2006-02-14 22:04:36","1294","7","2005-06-18 08:34:59"
"637","47","1","FRANCES","PARKER","2006-02-14 22:04:36","1295","6","2005-06-21 08:29:41"
"638","47","1","FRANCES","PARKER","2006-02-14 22:04:36","1296","5","2005-07-06 06:36:53"
"639","47","1","FRANCES","PARKER","2006-02-14 22:04:36","1297","6","2005-07-07 04:29:20"
"640","47","1","FRANCES","PARKER","2006-02-14 22:04:36","1298","1","2005-07-09 09:31:59"
"641","47","1","FRANCES","PARKER","2006-02-14 22:04:36","1299","10","2005-07-11 09:31:04"
"642","47","1","FRANCES","PARKER","2006-02-14 22:04:36","1300","1","2005-07-11 10:16:23"
"643","47","1","FRANCES","PARKER","2006-02-14 22:04:36","1301","4","2005-07-11 19:30:47"
"644","47","1","FRANCES","PARKER","2006-02-14 22:04:36","1302","5","2005-07-28 21:09:28"
"645","47","1","FRANCES","PARKER","2006-02-14 22:04:36","1303","7","2005-07-29 06:25:45"
"646","47","1","FRANCES","PARKER","2006-02-14 22:04:36","1304","4","2005-07-29 23:52:01"
"647","47","1","FRANCES","PARKER","2006-02-14 22:04:36","1305","5","2005-07-30 15:07:04"
"648","47","1","FRANCES","PARKER","2006-02-14 22:04:36","1306","1","2005-08-02 08:59:04"
"649","47","1","FRANCES","PARKER","2006-02-14 22:04:36","1307","6","2005-08-02 22:09:01"
"650","47","1","FRANCES","PARKER","2006-02-14 22:04:36","1308","8","2005-08-18 02:35:39"
"651","47","1","FRANCES","PARKER","2006-02-14 22:04:36","1309","8","2005-08-18 04:41:47"
"652","47","1","FRANCES","PARKER","2006-02-14 22:04:36","1310","1","2005-08-21 10:25:56"
"653","47","1","FRANCES","PARKER","2006-02-14 22:04:36","1311","3","2005-08-23 15:39:18"
"654","48","1","ANN","EVANS","2006-02-14 22:04:36","1312","1","2005-05-25 10:52:13"
"655","48","1","ANN","EVANS","2006-02-14 22:04:36","1313","3","2005-05-26 20:48:48"
"656","48","1","ANN","EVANS","2006-02-14 22:04:36","1314","5","2005-05-27 11:02:26"
"657","48","1","ANN","EVANS","2006-02-14 22:04:36","1315","10","2005-06-16 12:18:41"
"658","48","1","ANN","EVANS","2006-02-14 22:04:36","1316","1","2005-06-19 20:29:24"
"659","48","1","ANN","EVANS","2006-02-14 22:04:36","1317","5","2005-07-06 12:43:11"
"660","48","1","ANN","EVANS","2006-02-14 22:04:36","1318","3","2005-07-07 19:52:01"
"661","48","1","ANN","EVANS","2006-02-14 22:04:36","1319","7","2005-07-09 08:22:46"
"662","48","1","ANN","EVANS","2006-02-14 22:04:36","1320","4","2005-07-12 03:05:38"
"663","48","1","ANN","EVANS","2006-02-14 22:04:36","1321","3","2005-07-28 12:01:19"
"664","48","1","ANN","EVANS","2006-02-14 22:04:36","1322","7","2005-07-29 17:39:09"
"665","48","1","ANN","EVANS","2006-02-14 22:04:36","1323","8","2005-07-30 20:18:27"
"666","48","1","ANN","EVANS","2006-02-14 22:04:36","1324","8","2005-07-31 09:10:20"
"667","48","1","ANN","EVANS","2006-02-14 22:04:36","1325","3","2005-08-01 03:22:23"
"668","48","1","ANN","EVANS","2006-02-14 22:04:36","1326","2","2005-08-21 12:21:25"
"669","48","1","ANN","EVANS","2006-02-14 22:04:36","1327","3","2005-08-21 15:22:50"
"670","48","1","ANN","EVANS","2006-02-14 22:04:36","1328","4","2005-08-22 17:27:23"
"671","50","1","DIANE","COLLINS","2006-02-14 22:04:36","1357","5","2005-05-29 11:32:15"
"672","50","1","DIANE","COLLINS","2006-02-14 22:04:36","1358","5","2005-05-29 16:44:11"
"673","50","1","DIANE","COLLINS","2006-02-14 22:04:36","1359","5","2005-05-30 10:25:00"
"674","50","1","DIANE","COLLINS","2006-02-14 22:04:36","1360","5","2005-05-31 03:52:02"
"675","50","1","DIANE","COLLINS","2006-02-14 22:04:36","1361","5","2005-05-31 19:19:36"
"676","50","1","DIANE","COLLINS","2006-02-14 22:04:36","1362","3","2005-06-15 03:38:53"
"677","50","1","DIANE","COLLINS","2006-02-14 22:04:36","1363","5","2005-06-16 19:27:12"
"678","50","1","DIANE","COLLINS","2006-02-14 22:04:36","1364","1","2005-06-20 09:32:33"
"679","50","1","DIANE","COLLINS","2006-02-14 22:04:36","1365","3","2005-06-20 21:55:54"
"680","50","1","DIANE","COLLINS","2006-02-14 22:04:36","1366","3","2005-07-07 08:40:17"
"681","50","1","DIANE","COLLINS","2006-02-14 22:04:36","1367","5","2005-07-09 15:14:47"
"682","50","1","DIANE","COLLINS","2006-02-14 22:04:36","1368","5","2005-07-10 06:43:43"
"683","50","1","DIANE","COLLINS","2006-02-14 22:04:36","1369","10","2005-07-10 08:48:39"
"684","50","1","DIANE","COLLINS","2006-02-14 22:04:36","1370","7","2005-07-10 21:58:30"
"685","50","1","DIANE","COLLINS","2006-02-14 22:04:36","1371","1","2005-07-12 09:37:18"
"686","50","1","DIANE","COLLINS","2006-02-14 22:04:36","1372","9","2005-07-12 11:36:22"
"687","50","1","DIANE","COLLINS","2006-02-14 22:04:36","1373","5","2005-07-27 15:46:53"
"688","50","1","DIANE","COLLINS","2006-02-14 22:04:36","1374","1","2005-07-28 18:26:47"
"689","50","1","DIANE","COLLINS","2006-02-14 22:04:36","1375","1","2005-07-29 01:11:05"
"690","50","1","DIANE","COLLINS","2006-02-14 22:04:36","1376","6","2005-07-29 13:50:08"
"691","50","1","DIANE","COLLINS","2006-02-14 22:04:36","1377","1","2005-07-30 12:02:41"
"692","50","1","DIANE","COLLINS","2006-02-14 22:04:36","1378","5","2005-07-31 03:59:56"
"693","50","1","DIANE","COLLINS","2006-02-14 22:04:36","1379","11","2005-07-31 07:09:55"
"694","50","1","DIANE","COLLINS","2006-02-14 22:04:36","1380","3","2005-07-31 19:07:11"
"695","50","1","DIANE","COLLINS","2006-02-14 22:04:36","1381","1","2005-07-31 23:21:23"
"696","50","1","DIANE","COLLINS","2006-02-14 22:04:36","1382","7","2005-07-31 23:57:43"
"697","50","1","DIANE","COLLINS","2006-02-14 22:04:36","1383","5","2005-08-01 02:58:27"
"698","50","1","DIANE","COLLINS","2006-02-14 22:04:36","1384","8","2005-08-01 10:20:34"
"699","50","1","DIANE","COLLINS","2006-02-14 22:04:36","1385","4","2005-08-02 06:27:13"
"700","50","1","DIANE","COLLINS","2006-02-14 22:04:36","1386","7","2005-08-18 23:25:20"
"701","50","1","DIANE","COLLINS","2006-02-14 22:04:36","1387","8","2005-08-19 12:24:23"
"702","50","1","DIANE","COLLINS","2006-02-14 22:04:36","1388","5","2005-08-20 22:17:01"
"703","50","1","DIANE","COLLINS","2006-02-14 22:04:36","1389","3","2005-08-22 13:36:30"
"704","50","1","DIANE","COLLINS","2006-02-14 22:04:36","1390","7","2005-08-22 22:49:23"
"705","50","1","DIANE","COLLINS","2006-02-14 22:04:36","1391","5","2005-08-23 21:25:03"
"706","51","1","ALICE","STEWART","2006-02-14 22:04:36","1392","5","2005-05-25 19:37:02"
"707","51","1","ALICE","STEWART","2006-02-14 22:04:36","1393","5","2005-05-28 21:01:25"
"708","51","1","ALICE","STEWART","2006-02-14 22:04:36","1394","5","2005-05-31 03:48:05"
"709","51","1","ALICE","STEWART","2006-02-14 22:04:36","1395","2","2005-06-15 14:48:04"
"710","51","1","ALICE","STEWART","2006-02-14 22:04:36","1396","1","2005-06-15 21:11:18"
"711","51","1","ALICE","STEWART","2006-02-14 22:04:36","1397","10","2005-07-06 01:02:39"
"712","51","1","ALICE","STEWART","2006-02-14 22:04:36","1398","3","2005-07-09 12:30:23"
"713","51","1","ALICE","STEWART","2006-02-14 22:04:36","1399","6","2005-07-09 15:48:06"
"714","51","1","ALICE","STEWART","2006-02-14 22:04:36","1400","8","2005-07-09 23:19:11"
"715","51","1","ALICE","STEWART","2006-02-14 22:04:36","1401","5","2005-07-10 05:07:55"
"716","51","1","ALICE","STEWART","2006-02-14 22:04:36","1402","6","2005-07-27 09:13:26"
"717","51","1","ALICE","STEWART","2006-02-14 22:04:36","1403","7","2005-07-27 16:07:22"
"718","51","1","ALICE","STEWART","2006-02-14 22:04:36","1404","6","2005-07-28 01:08:36"
"719","51","1","ALICE","STEWART","2006-02-14 22:04:36","1405","5","2005-07-29 09:05:06"
"720","51","1","ALICE","STEWART","2006-02-14 22:04:36","1406","1","2005-07-29 16:44:13"
"721","51","1","ALICE","STEWART","2006-02-14 22:04:36","1407","1","2005-07-30 00:16:55"
"722","51","1","ALICE","STEWART","2006-02-14 22:04:36","1408","1","2005-07-31 05:46:54"
"723","51","1","ALICE","STEWART","2006-02-14 22:04:36","1409","5","2005-08-01 02:20:01"
"724","51","1","ALICE","STEWART","2006-02-14 22:04:36","1410","3","2005-08-01 21:14:24"
"725","51","1","ALICE","STEWART","2006-02-14 22:04:36","1411","1","2005-08-02 01:12:35"
"726","51","1","ALICE","STEWART","2006-02-14 22:04:36","1412","3","2005-08-02 15:38:03"
"727","51","1","ALICE","STEWART","2006-02-14 22:04:36","1413","5","2005-08-17 06:39:16"
"728","51","1","ALICE","STEWART","2006-02-14 22:04:36","1414","7","2005-08-17 09:07:56"
"729","51","1","ALICE","STEWART","2006-02-14 22:04:36","1415","1","2005-08-18 01:36:00"
"730","51","1","ALICE","STEWART","2006-02-14 22:04:36","1416","5","2005-08-18 21:43:09"
"731","51","1","ALICE","STEWART","2006-02-14 22:04:36","1417","3","2005-08-19 10:51:59"
"732","51","1","ALICE","STEWART","2006-02-14 22:04:36","1418","3","2005-08-19 18:54:26"
"733","51","1","ALICE","STEWART","2006-02-14 22:04:36","1419","1","2005-08-20 15:06:26"
"734","51","1","ALICE","STEWART","2006-02-14 22:04:36","1420","3","2005-08-20 15:23:26"
"735","51","1","ALICE","STEWART","2006-02-14 22:04:36","1421","7","2005-08-21 04:49:41"
"736","51","1","ALICE","STEWART","2006-02-14 22:04:36","1422","5","2005-08-21 14:47:09"
"737","51","1","ALICE","STEWART","2006-02-14 22:04:36","1423","5","2005-08-21 18:07:40"
"738","51","1","ALICE","STEWART","2006-02-14 22:04:36","1424","5","2005-08-22 04:31:50"
"739","52","1","JULIE","SANCHEZ","2006-02-14 22:04:36","1425","1","2005-05-30 05:36:21"
"740","52","1","JULIE","SANCHEZ","2006-02-14 22:04:36","1426","5","2005-06-15 01:38:31"
"741","52","1","JULIE","SANCHEZ","2006-02-14 22:04:36","1427","1","2005-06-18 03:54:31"
"742","52","1","JULIE","SANCHEZ","2006-02-14 22:04:36","1428","3","2005-06-19 23:47:24"
"743","52","1","JULIE","SANCHEZ","2006-02-14 22:04:36","1429","5","2005-06-21 00:02:28"
"744","52","1","JULIE","SANCHEZ","2006-02-14 22:04:36","1430","2","2005-07-06 23:46:52"
"745","52","1","JULIE","SANCHEZ","2006-02-14 22:04:36","1431","1","2005-07-09 15:58:38"
"746","52","1","JULIE","SANCHEZ","2006-02-14 22:04:36","1432","4","2005-07-09 16:04:45"
"747","52","1","JULIE","SANCHEZ","2006-02-14 22:04:36","1433","3","2005-07-10 05:08:10"
"748","52","1","JULIE","SANCHEZ","2006-02-14 22:04:36","1434","8","2005-07-11 22:29:15"
"749","52","1","JULIE","SANCHEZ","2006-02-14 22:04:36","1435","1","2005-07-27 12:12:04"
"750","52","1","JULIE","SANCHEZ","2006-02-14 22:04:36","1436","6","2005-07-27 17:40:40"
"751","52","1","JULIE","SANCHEZ","2006-02-14 22:04:36","1437","5","2005-07-28 00:56:47"
"752","52","1","JULIE","SANCHEZ","2006-02-14 22:04:36","1438","5","2005-07-29 16:17:49"
"753","52","1","JULIE","SANCHEZ","2006-02-14 22:04:36","1439","5","2005-07-30 06:03:11"
"754","52","1","JULIE","SANCHEZ","2006-02-14 22:04:36","1440","4","2005-07-31 09:18:33"
"755","52","1","JULIE","SANCHEZ","2006-02-14 22:04:36","1441","5","2005-07-31 10:53:44"
"756","52","1","JULIE","SANCHEZ","2006-02-14 22:04:36","1442","1","2005-08-01 14:12:29"
"757","52","1","JULIE","SANCHEZ","2006-02-14 22:04:36","1443","1","2005-08-01 15:37:58"
"758","52","1","JULIE","SANCHEZ","2006-02-14 22:04:36","1444","1","2005-08-02 07:08:07"
"759","52","1","JULIE","SANCHEZ","2006-02-14 22:04:36","1445","4","2005-08-17 08:24:35"
"760","52","1","JULIE","SANCHEZ","2006-02-14 22:04:36","1446","3","2005-08-18 02:12:33"
"761","52","1","JULIE","SANCHEZ","2006-02-14 22:04:36","1447","1","2005-08-18 13:42:45"
"762","52","1","JULIE","SANCHEZ","2006-02-14 22:04:36","1448","6","2005-08-19 10:39:54"
"763","52","1","JULIE","SANCHEZ","2006-02-14 22:04:36","1449","3","2005-08-22 01:18:37"
"764","52","1","JULIE","SANCHEZ","2006-02-14 22:04:36","1450","6","2005-08-22 01:21:14"
"765","52","1","JULIE","SANCHEZ","2006-02-14 22:04:36","1451","7","2005-08-22 06:35:50"
"766","52","1","JULIE","SANCHEZ","2006-02-14 22:04:36","1452","6","2005-08-23 17:00:12"
"767","52","1","JULIE","SANCHEZ","2006-02-14 22:04:36","1453","5","2006-02-14 15:16:03"
"768","53","1","HEATHER","MORRIS","2006-02-14 22:04:36","1454","4","2005-05-25 14:13:54"
"769","53","1","HEATHER","MORRIS","2006-02-14 22:04:36","1455","3","2005-05-27 09:23:22"
"770","53","1","HEATHER","MORRIS","2006-02-14 22:04:36","1456","1","2005-05-29 09:55:43"
"771","53","1","HEATHER","MORRIS","2006-02-14 22:04:36","1457","6","2005-05-29 14:41:18"
"772","53","1","HEATHER","MORRIS","2006-02-14 22:04:36","1458","10","2005-05-30 02:01:21"
"773","53","1","HEATHER","MORRIS","2006-02-14 22:04:36","1459","3","2005-05-31 15:04:05"
"774","53","1","HEATHER","MORRIS","2006-02-14 22:04:36","1460","1","2005-06-17 09:10:09"
"775","53","1","HEATHER","MORRIS","2006-02-14 22:04:36","1461","3","2005-06-18 15:26:30"
"776","53","1","HEATHER","MORRIS","2006-02-14 22:04:36","1462","3","2005-06-20 02:49:01"
"777","53","1","HEATHER","MORRIS","2006-02-14 22:04:36","1463","3","2005-06-20 19:47:12"
"778","53","1","HEATHER","MORRIS","2006-02-14 22:04:36","1464","1","2005-06-21 03:01:10"
"779","53","1","HEATHER","MORRIS","2006-02-14 22:04:36","1465","3","2005-07-06 04:37:10"
"780","53","1","HEATHER","MORRIS","2006-02-14 22:04:36","1466","5","2005-07-06 19:12:37"
"781","53","1","HEATHER","MORRIS","2006-02-14 22:04:36","1467","3","2005-07-09 10:14:39"
"782","53","1","HEATHER","MORRIS","2006-02-14 22:04:36","1468","3","2005-07-27 18:51:17"
"783","53","1","HEATHER","MORRIS","2006-02-14 22:04:36","1469","5","2005-07-28 03:52:21"
"784","53","1","HEATHER","MORRIS","2006-02-14 22:04:36","1470","5","2005-07-30 18:13:13"
"785","53","1","HEATHER","MORRIS","2006-02-14 22:04:36","1471","8","2005-07-31 15:13:57"
"786","53","1","HEATHER","MORRIS","2006-02-14 22:04:36","1472","4","2005-08-01 14:14:59"
"787","53","1","HEATHER","MORRIS","2006-02-14 22:04:36","1473","6","2005-08-17 20:59:56"
"788","53","1","HEATHER","MORRIS","2006-02-14 22:04:36","1474","3","2005-08-18 15:49:08"
"789","53","1","HEATHER","MORRIS","2006-02-14 22:04:36","1475","6","2005-08-19 09:25:40"
"790","53","1","HEATHER","MORRIS","2006-02-14 22:04:36","1476","3","2005-08-20 12:16:38"
"791","53","1","HEATHER","MORRIS","2006-02-14 22:04:36","1477","3","2005-08-20 22:32:11"
"792","53","1","HEATHER","MORRIS","2006-02-14 22:04:36","1478","1","2005-08-21 00:11:17"
"793","53","1","HEATHER","MORRIS","2006-02-14 22:04:36","1479","6","2005-08-21 01:15:59"
"794","53","1","HEATHER","MORRIS","2006-02-14 22:04:36","1480","5","2005-08-21 19:59:30"
"795","53","1","HEATHER","MORRIS","2006-02-14 22:04:36","1481","1","2005-08-22 01:09:04"
"796","53","1","HEATHER","MORRIS","2006-02-14 22:04:36","1482","8","2006-02-14 15:16:03"
"797","53","1","HEATHER","MORRIS","2006-02-14 22:04:36","1483","0","2006-02-14 15:16:03"
"798","54","1","TERESA","ROGERS","2006-02-14 22:04:36","1484","5","2005-05-26 07:03:49"
"799","54","1","TERESA","ROGERS","2006-02-14 22:04:36","1485","5","2005-05-27 18:11:05"
"800","54","1","TERESA","ROGERS","2006-02-14 22:04:36","1486","4","2005-05-28 07:10:20"
"801","54","1","TERESA","ROGERS","2006-02-14 22:04:36","1487","5","2005-06-16 02:19:02"
"802","54","1","TERESA","ROGERS","2006-02-14 22:04:36","1488","3","2005-06-16 03:22:00"
"803","54","1","TERESA","ROGERS","2006-02-14 22:04:36","1489","7","2005-06-18 09:55:02"
"804","54","1","TERESA","ROGERS","2006-02-14 22:04:36","1490","5","2005-06-19 09:57:56"
"805","54","1","TERESA","ROGERS","2006-02-14 22:04:36","1491","5","2005-07-08 09:51:02"
"806","54","1","TERESA","ROGERS","2006-02-14 22:04:36","1492","2","2005-07-09 04:05:28"
"807","54","1","TERESA","ROGERS","2006-02-14 22:04:36","1493","3","2005-07-10 21:59:29"
"808","54","1","TERESA","ROGERS","2006-02-14 22:04:36","1494","3","2005-07-11 01:06:21"
"809","54","1","TERESA","ROGERS","2006-02-14 22:04:36","1495","8","2005-07-11 19:39:41"
"810","54","1","TERESA","ROGERS","2006-02-14 22:04:36","1496","3","2005-07-12 05:22:06"
"811","54","1","TERESA","ROGERS","2006-02-14 22:04:36","1497","1","2005-07-12 18:03:50"
"812","54","1","TERESA","ROGERS","2006-02-14 22:04:36","1498","5","2005-07-30 04:44:18"
"813","54","1","TERESA","ROGERS","2006-02-14 22:04:36","1499","6","2005-08-01 10:27:42"
"814","54","1","TERESA","ROGERS","2006-02-14 22:04:36","1500","6","2005-08-02 00:47:16"
"815","54","1","TERESA","ROGERS","2006-02-14 22:04:36","1501","5","2005-08-02 03:33:14"
"816","54","1","TERESA","ROGERS","2006-02-14 22:04:36","1502","5","2005-08-02 10:55:14"
"817","54","1","TERESA","ROGERS","2006-02-14 22:04:36","1503","3","2005-08-17 15:03:13"
"818","54","1","TERESA","ROGERS","2006-02-14 22:04:36","1504","3","2005-08-18 13:48:43"
"819","54","1","TERESA","ROGERS","2006-02-14 22:04:36","1505","6","2005-08-18 23:35:56"
"820","54","1","TERESA","ROGERS","2006-02-14 22:04:36","1506","5","2005-08-19 00:51:28"
"821","54","1","TERESA","ROGERS","2006-02-14 22:04:36","1507","1","2005-08-19 02:57:37"
"822","54","1","TERESA","ROGERS","2006-02-14 22:04:36","1508","3","2005-08-19 19:16:18"
"823","54","1","TERESA","ROGERS","2006-02-14 22:04:36","1509","1","2005-08-20 15:41:00"
"824","54","1","TERESA","ROGERS","2006-02-14 22:04:36","1510","5","2005-08-21 04:34:11"
"825","54","1","TERESA","ROGERS","2006-02-14 22:04:36","1511","11","2005-08-22 17:20:17"
"826","54","1","TERESA","ROGERS","2006-02-14 22:04:36","1512","5","2005-08-23 05:20:36"
"827","56","1","GLORIA","COOK","2006-02-14 22:04:36","1535","4","2005-05-25 21:21:56"
"828","56","1","GLORIA","COOK","2006-02-14 22:04:36","1536","6","2005-05-27 04:01:42"
"829","56","1","GLORIA","COOK","2006-02-14 22:04:36","1537","3","2005-05-28 00:43:41"
"830","56","1","GLORIA","COOK","2006-02-14 22:04:36","1538","7","2005-05-28 10:12:41"
"831","56","1","GLORIA","COOK","2006-02-14 22:04:36","1539","7","2005-06-16 20:09:01"
"832","56","1","GLORIA","COOK","2006-02-14 22:04:36","1540","1","2005-06-17 21:40:29"
"833","56","1","GLORIA","COOK","2006-02-14 22:04:36","1541","5","2005-06-18 21:26:03"
"834","56","1","GLORIA","COOK","2006-02-14 22:04:36","1542","1","2005-06-20 08:59:37"
"835","56","1","GLORIA","COOK","2006-02-14 22:04:36","1543","8","2005-07-06 10:57:56"
"836","56","1","GLORIA","COOK","2006-02-14 22:04:36","1544","3","2005-07-06 13:19:34"
"837","56","1","GLORIA","COOK","2006-02-14 22:04:36","1545","4","2005-07-07 06:10:55"
"838","56","1","GLORIA","COOK","2006-02-14 22:04:36","1546","5","2005-07-08 11:41:36"
"839","56","1","GLORIA","COOK","2006-02-14 22:04:36","1547","5","2005-07-09 08:05:23"
"840","56","1","GLORIA","COOK","2006-02-14 22:04:36","1548","3","2005-07-27 15:49:46"
"841","56","1","GLORIA","COOK","2006-02-14 22:04:36","1549","8","2005-07-28 03:41:35"
"842","56","1","GLORIA","COOK","2006-02-14 22:04:36","1550","1","2005-07-28 12:49:44"
"843","56","1","GLORIA","COOK","2006-02-14 22:04:36","1551","1","2005-07-29 02:00:18"
"844","56","1","GLORIA","COOK","2006-02-14 22:04:36","1552","7","2005-08-01 05:49:17"
"845","56","1","GLORIA","COOK","2006-02-14 22:04:36","1553","1","2005-08-01 17:26:24"
"846","56","1","GLORIA","COOK","2006-02-14 22:04:36","1554","5","2005-08-02 03:20:39"
"847","56","1","GLORIA","COOK","2006-02-14 22:04:36","1555","6","2005-08-02 17:45:02"
"848","56","1","GLORIA","COOK","2006-02-14 22:04:36","1556","5","2005-08-17 05:11:09"
"849","56","1","GLORIA","COOK","2006-02-14 22:04:36","1557","2","2005-08-18 14:06:39"
"850","56","1","GLORIA","COOK","2006-02-14 22:04:36","1558","5","2005-08-18 21:07:28"
"851","56","1","GLORIA","COOK","2006-02-14 22:04:36","1559","9","2005-08-20 04:17:16"
"852","56","1","GLORIA","COOK","2006-02-14 22:04:36","1560","6","2005-08-20 11:43:52"
"853","56","1","GLORIA","COOK","2006-02-14 22:04:36","1561","4","2005-08-21 07:03:05"
"854","56","1","GLORIA","COOK","2006-02-14 22:04:36","1562","1","2005-08-21 15:16:29"
"855","56","1","GLORIA","COOK","2006-02-14 22:04:36","1563","8","2005-08-23 10:23:28"
"856","56","1","GLORIA","COOK","2006-02-14 22:04:36","1564","5","2006-02-14 15:16:03"
"857","58","1","JEAN","BELL","2006-02-14 22:04:36","1593","1","2005-05-26 11:31:50"
"858","58","1","JEAN","BELL","2006-02-14 22:04:36","1594","8","2005-05-26 17:16:07"
"859","58","1","JEAN","BELL","2006-02-14 22:04:36","1595","1","2005-05-29 11:09:01"
"860","58","1","JEAN","BELL","2006-02-14 22:04:36","1596","5","2005-06-18 01:33:09"
"861","58","1","JEAN","BELL","2006-02-14 22:04:36","1597","1","2005-06-19 02:14:11"
"862","58","1","JEAN","BELL","2006-02-14 22:04:36","1598","1","2005-06-20 03:04:56"
"863","58","1","JEAN","BELL","2006-02-14 22:04:36","1599","5","2005-07-06 09:30:45"
"864","58","1","JEAN","BELL","2006-02-14 22:04:36","1600","5","2005-07-07 07:53:18"
"865","58","1","JEAN","BELL","2006-02-14 22:04:36","1601","2","2005-07-09 21:39:35"
"866","58","1","JEAN","BELL","2006-02-14 22:04:36","1602","10","2005-07-27 03:52:27"
"867","58","1","JEAN","BELL","2006-02-14 22:04:36","1603","5","2005-07-27 19:32:45"
"868","58","1","JEAN","BELL","2006-02-14 22:04:36","1604","1","2005-07-29 23:34:21"
"869","58","1","JEAN","BELL","2006-02-14 22:04:36","1605","3","2005-07-31 02:22:13"
"870","58","1","JEAN","BELL","2006-02-14 22:04:36","1606","3","2005-07-31 18:48:08"
"871","58","1","JEAN","BELL","2006-02-14 22:04:36","1607","5","2005-07-31 19:39:38"
"872","58","1","JEAN","BELL","2006-02-14 22:04:36","1608","5","2005-08-01 02:47:11"
"873","58","1","JEAN","BELL","2006-02-14 22:04:36","1609","1","2005-08-01 17:00:27"
"874","58","1","JEAN","BELL","2006-02-14 22:04:36","1610","7","2005-08-02 19:44:04"
"875","58","1","JEAN","BELL","2006-02-14 22:04:36","1611","9","2005-08-18 05:08:54"
"876","58","1","JEAN","BELL","2006-02-14 22:04:36","1612","7","2005-08-19 14:34:12"
"877","58","1","JEAN","BELL","2006-02-14 22:04:36","1613","4","2005-08-19 15:14:38"
"878","58","1","JEAN","BELL","2006-02-14 22:04:36","1614","3","2005-08-20 17:15:06"
"879","58","1","JEAN","BELL","2006-02-14 22:04:36","1615","5","2005-08-20 18:52:43"
"880","58","1","JEAN","BELL","2006-02-14 22:04:36","1616","6","2005-08-21 07:29:05"
"881","58","1","JEAN","BELL","2006-02-14 22:04:36","1617","7","2005-08-21 19:49:46"
"882","58","1","JEAN","BELL","2006-02-14 22:04:36","1618","5","2005-08-22 07:47:07"
"883","58","1","JEAN","BELL","2006-02-14 22:04:36","1619","1","2006-02-14 15:16:03"
"884","59","1","CHERYL","MURPHY","2006-02-14 22:04:36","1620","5","2005-05-26 08:34:41"
"885","59","1","CHERYL","MURPHY","2006-02-14 22:04:36","1621","3","2005-05-30 16:10:35"
"886","59","1","CHERYL","MURPHY","2006-02-14 22:04:36","1622","6","2005-05-31 21:42:09"
"887","59","1","CHERYL","MURPHY","2006-02-14 22:04:36","1623","3","2005-06-15 07:29:59"
"888","59","1","CHERYL","MURPHY","2006-02-14 22:04:36","1624","4","2005-06-16 15:29:29"
"889","59","1","CHERYL","MURPHY","2006-02-14 22:04:36","1625","4","2005-06-20 04:13:04"
"890","59","1","CHERYL","MURPHY","2006-02-14 22:04:36","1626","3","2005-07-07 08:36:58"
"891","59","1","CHERYL","MURPHY","2006-02-14 22:04:36","1627","5","2005-07-07 20:46:45"
"892","59","1","CHERYL","MURPHY","2006-02-14 22:04:36","1628","5","2005-07-08 08:38:22"
"893","59","1","CHERYL","MURPHY","2006-02-14 22:04:36","1629","4","2005-07-08 20:06:19"
"894","59","1","CHERYL","MURPHY","2006-02-14 22:04:36","1630","9","2005-07-09 10:39:31"
"895","59","1","CHERYL","MURPHY","2006-02-14 22:04:36","1631","4","2005-07-09 11:15:44"
"896","59","1","CHERYL","MURPHY","2006-02-14 22:04:36","1632","5","2005-07-10 16:34:00"
"897","59","1","CHERYL","MURPHY","2006-02-14 22:04:36","1633","5","2005-07-28 14:45:45"
"898","59","1","CHERYL","MURPHY","2006-02-14 22:04:36","1634","5","2005-07-29 14:45:23"
"899","59","1","CHERYL","MURPHY","2006-02-14 22:04:36","1635","9","2005-07-30 22:56:34"
"900","59","1","CHERYL","MURPHY","2006-02-14 22:04:36","1636","7","2005-07-31 02:45:38"
"901","59","1","CHERYL","MURPHY","2006-02-14 22:04:36","1637","5","2005-08-02 18:48:29"
"902","59","1","CHERYL","MURPHY","2006-02-14 22:04:36","1638","6","2005-08-19 01:42:28"
"903","59","1","CHERYL","MURPHY","2006-02-14 22:04:36","1639","3","2005-08-19 18:08:18"
"904","59","1","CHERYL","MURPHY","2006-02-14 22:04:36","1640","3","2005-08-20 05:10:14"
"905","59","1","CHERYL","MURPHY","2006-02-14 22:04:36","1641","5","2005-08-20 16:57:11"
"906","59","1","CHERYL","MURPHY","2006-02-14 22:04:36","1642","6","2005-08-21 01:53:54"
"907","59","1","CHERYL","MURPHY","2006-02-14 22:04:36","1643","6","2005-08-22 07:12:53"
"908","59","1","CHERYL","MURPHY","2006-02-14 22:04:36","1644","6","2005-08-22 18:48:48"
"909","59","1","CHERYL","MURPHY","2006-02-14 22:04:36","1645","5","2005-08-23 12:15:51"
"910","59","1","CHERYL","MURPHY","2006-02-14 22:04:36","1646","3","2005-08-23 17:33:04"
"911","60","1","MILDRED","BAILEY","2006-02-14 22:04:36","1647","5","2005-05-26 23:37:39"
"912","60","1","MILDRED","BAILEY","2006-02-14 22:04:36","1648","2","2005-05-29 03:05:49"
"913","60","1","MILDRED","BAILEY","2006-02-14 22:04:36","1649","3","2005-05-30 13:24:46"
"914","60","1","MILDRED","BAILEY","2006-02-14 22:04:36","1650","5","2005-06-15 21:18:16"
"915","60","1","MILDRED","BAILEY","2006-02-14 22:04:36","1651","5","2005-06-18 15:42:30"
"916","60","1","MILDRED","BAILEY","2006-02-14 22:04:36","1652","3","2005-07-05 22:57:34"
"917","60","1","MILDRED","BAILEY","2006-02-14 22:04:36","1653","3","2005-07-06 16:49:43"
"918","60","1","MILDRED","BAILEY","2006-02-14 22:04:36","1654","6","2005-07-11 16:46:22"
"919","60","1","MILDRED","BAILEY","2006-02-14 22:04:36","1655","1","2005-07-27 03:55:10"
"920","60","1","MILDRED","BAILEY","2006-02-14 22:04:36","1656","4","2005-07-27 13:57:50"
"921","60","1","MILDRED","BAILEY","2006-02-14 22:04:36","1657","1","2005-07-27 19:56:31"
"922","60","1","MILDRED","BAILEY","2006-02-14 22:04:36","1658","5","2005-07-30 18:36:24"
"923","60","1","MILDRED","BAILEY","2006-02-14 22:04:36","1659","5","2005-07-31 09:31:54"
"924","60","1","MILDRED","BAILEY","2006-02-14 22:04:36","1660","1","2005-08-01 17:28:05"
"925","60","1","MILDRED","BAILEY","2006-02-14 22:04:36","1661","5","2005-08-02 07:58:50"
"926","60","1","MILDRED","BAILEY","2006-02-14 22:04:36","1662","9","2005-08-02 19:12:40"
"927","60","1","MILDRED","BAILEY","2006-02-14 22:04:36","1663","2","2005-08-17 22:16:49"
"928","60","1","MILDRED","BAILEY","2006-02-14 22:04:36","1664","8","2005-08-18 17:16:03"
"929","60","1","MILDRED","BAILEY","2006-02-14 22:04:36","1665","3","2005-08-22 11:39:03"
"930","60","1","MILDRED","BAILEY","2006-02-14 22:04:36","1666","3","2005-08-22 20:15:16"
"931","60","1","MILDRED","BAILEY","2006-02-14 22:04:36","1667","6","2005-08-23 07:07:58"
"932","60","1","MILDRED","BAILEY","2006-02-14 22:04:36","1668","1","2005-08-23 07:30:26"
"933","60","1","MILDRED","BAILEY","2006-02-14 22:04:36","1669","3","2005-08-23 08:28:03"
"934","60","1","MILDRED","BAILEY","2006-02-14 22:04:36","1670","10","2006-02-14 15:16:03"
"935","60","1","MILDRED","BAILEY","2006-02-14 22:04:36","1671","0","2006-02-14 15:16:03"
"936","62","1","JOAN","COOPER","2006-02-14 22:04:36","1686","1","2005-05-30 06:54:28"
"937","62","1","JOAN","COOPER","2006-02-14 22:04:36","1687","5","2005-05-30 15:36:57"
"938","62","1","JOAN","COOPER","2006-02-14 22:04:36","1688","7","2005-06-15 04:59:43"
"939","62","1","JOAN","COOPER","2006-02-14 22:04:36","1689","1","2005-06-15 21:25:30"
"940","62","1","JOAN","COOPER","2006-02-14 22:04:36","1690","1","2005-06-16 04:52:28"
"941","62","1","JOAN","COOPER","2006-02-14 22:04:36","1691","5","2005-06-20 11:13:01"
"942","62","1","JOAN","COOPER","2006-02-14 22:04:36","1692","6","2005-06-20 12:17:03"
"943","62","1","JOAN","COOPER","2006-02-14 22:04:36","1693","1","2005-06-21 06:32:39"
"944","62","1","JOAN","COOPER","2006-02-14 22:04:36","1694","4","2005-06-21 09:04:50"
"945","62","1","JOAN","COOPER","2006-02-14 22:04:36","1695","3","2005-07-06 16:35:40"
"946","62","1","JOAN","COOPER","2006-02-14 22:04:36","1696","5","2005-07-07 09:10:57"
"947","62","1","JOAN","COOPER","2006-02-14 22:04:36","1697","3","2005-07-09 15:16:54"
"948","62","1","JOAN","COOPER","2006-02-14 22:04:36","1698","5","2005-07-29 05:08:00"
"949","62","1","JOAN","COOPER","2006-02-14 22:04:36","1699","1","2005-07-31 20:07:10"
"950","62","1","JOAN","COOPER","2006-02-14 22:04:36","1700","3","2005-08-01 22:46:21"
"951","62","1","JOAN","COOPER","2006-02-14 22:04:36","1701","6","2005-08-02 15:22:47"
"952","62","1","JOAN","COOPER","2006-02-14 22:04:36","1702","1","2005-08-17 18:23:50"
"953","62","1","JOAN","COOPER","2006-02-14 22:04:36","1703","9","2005-08-20 02:27:13"
"954","62","1","JOAN","COOPER","2006-02-14 22:04:36","1704","2","2005-08-21 16:50:34"
"955","62","1","JOAN","COOPER","2006-02-14 22:04:36","1705","3","2005-08-21 17:34:24"
"956","62","1","JOAN","COOPER","2006-02-14 22:04:36","1706","5","2005-08-22 01:20:19"
"957","62","1","JOAN","COOPER","2006-02-14 22:04:36","1707","7","2005-08-23 01:15:18"
"958","62","1","JOAN","COOPER","2006-02-14 22:04:36","1708","1","2005-08-23 06:11:52"
"959","63","1","ASHLEY","RICHARDSON","2006-02-14 22:04:36","1709","1","2005-06-16 21:30:34"
"960","63","1","ASHLEY","RICHARDSON","2006-02-14 22:04:36","1710","9","2005-07-06 20:34:10"
"961","63","1","ASHLEY","RICHARDSON","2006-02-14 22:04:36","1711","5","2005-07-08 06:16:26"
"962","63","1","ASHLEY","RICHARDSON","2006-02-14 22:04:36","1712","7","2005-07-10 04:15:43"
"963","63","1","ASHLEY","RICHARDSON","2006-02-14 22:04:36","1713","5","2005-07-10 14:10:22"
"964","63","1","ASHLEY","RICHARDSON","2006-02-14 22:04:36","1714","5","2005-07-10 16:34:48"
"965","63","1","ASHLEY","RICHARDSON","2006-02-14 22:04:36","1715","4","2005-07-12 15:48:54"
"966","63","1","ASHLEY","RICHARDSON","2006-02-14 22:04:36","1716","9","2005-07-12 19:22:37"
"967","63","1","ASHLEY","RICHARDSON","2006-02-14 22:04:36","1717","6","2005-07-29 03:26:07"
"968","63","1","ASHLEY","RICHARDSON","2006-02-14 22:04:36","1718","1","2005-07-30 05:09:32"
"969","63","1","ASHLEY","RICHARDSON","2006-02-14 22:04:36","1719","5","2005-07-31 01:47:40"
"970","63","1","ASHLEY","RICHARDSON","2006-02-14 22:04:36","1720","4","2005-07-31 01:57:04"
"971","63","1","ASHLEY","RICHARDSON","2006-02-14 22:04:36","1721","1","2005-07-31 10:47:19"
"972","63","1","ASHLEY","RICHARDSON","2006-02-14 22:04:36","1722","3","2005-07-31 15:28:47"
"973","63","1","ASHLEY","RICHARDSON","2006-02-14 22:04:36","1723","1","2005-07-31 22:19:16"
"974","63","1","ASHLEY","RICHARDSON","2006-02-14 22:04:36","1724","7","2005-08-01 03:38:42"
"975","63","1","ASHLEY","RICHARDSON","2006-02-14 22:04:36","1725","5","2005-08-17 15:37:34"
"976","63","1","ASHLEY","RICHARDSON","2006-02-14 22:04:36","1726","3","2005-08-18 07:12:46"
"977","63","1","ASHLEY","RICHARDSON","2006-02-14 22:04:36","1727","1","2005-08-18 13:39:26"
"978","63","1","ASHLEY","RICHARDSON","2006-02-14 22:04:36","1728","8","2005-08-19 06:04:34"
"979","63","1","ASHLEY","RICHARDSON","2006-02-14 22:04:36","1729","1","2005-08-19 10:38:56"
"980","63","1","ASHLEY","RICHARDSON","2006-02-14 22:04:36","1730","9","2005-08-20 06:51:02"
"981","63","1","ASHLEY","RICHARDSON","2006-02-14 22:04:36","1731","4","2005-08-22 05:38:55"
"982","63","1","ASHLEY","RICHARDSON","2006-02-14 22:04:36","1732","6","2005-08-22 10:24:32"
"983","63","1","ASHLEY","RICHARDSON","2006-02-14 22:04:36","1733","3","2005-08-22 17:30:25"
"984","67","1","KELLY","TORRES","2006-02-14 22:04:36","1823","10","2005-05-27 02:22:26"
"985","67","1","KELLY","TORRES","2006-02-14 22:04:36","1824","3","2005-05-29 12:20:19"
"986","67","1","KELLY","TORRES","2006-02-14 22:04:36","1825","4","2005-06-17 15:57:56"
"987","67","1","KELLY","TORRES","2006-02-14 22:04:36","1826","4","2005-06-19 02:08:39"
"988","67","1","KELLY","TORRES","2006-02-14 22:04:36","1827","1","2005-06-19 19:44:12"
"989","67","1","KELLY","TORRES","2006-02-14 22:04:36","1828","5","2005-06-21 12:08:18"
"990","67","1","KELLY","TORRES","2006-02-14 22:04:36","1829","5","2005-07-07 05:47:33"
"991","67","1","KELLY","TORRES","2006-02-14 22:04:36","1830","3","2005-07-09 19:52:44"
"992","67","1","KELLY","TORRES","2006-02-14 22:04:36","1831","3","2005-07-10 00:58:37"
"993","67","1","KELLY","TORRES","2006-02-14 22:04:36","1832","3","2005-07-11 08:34:20"
"994","67","1","KELLY","TORRES","2006-02-14 22:04:36","1833","6","2005-07-27 11:48:37"
"995","67","1","KELLY","TORRES","2006-02-14 22:04:36","1834","1","2005-07-28 10:57:15"
"996","67","1","KELLY","TORRES","2006-02-14 22:04:36","1835","2","2005-07-29 11:32:58"
"997","67","1","KELLY","TORRES","2006-02-14 22:04:36","1836","8","2005-07-31 05:33:25"
"998","67","1","KELLY","TORRES","2006-02-14 22:04:36","1837","9","2005-08-02 15:10:06"
"999","67","1","KELLY","TORRES","2006-02-14 22:04:36","1838","9","2005-08-17 15:15:01"
"1000","67","1","KELLY","TORRES","2006-02-14 22:04:36","1839","5","2005-08-19 23:37:52"
